CREATE CACHED TABLE PUBLIC.ACCESS_LIST COMMENT STRINGDECODE('\u0421\u043f\u0438\u0441\u043e\u043a \u043f\u043e\u043b\u043d\u043e\u043c\u043e\u0447\u0438\u0439')(
    ACCESS_LIST_ID DECIMAL(38, 19) NOT NULL,
    ACCESS_NAME VARCHAR(100) COMMENT STRINGDECODE('\u041d\u0430\u0437\u0432\u0430\u043d\u0438\u0435 \u043f\u043e\u043b\u043d\u043e\u043c\u043e\u0447\u0438\u044f \u0434\u043e\u0441\u0442\u0443\u043f\u0430'),
    KEY_WORD VARCHAR(100) COMMENT STRINGDECODE('\u041a\u043b\u044e\u0447\u0435\u0432\u043e\u0435 \u0441\u043b\u043e\u0432\u043e'),
    FORM_ID DECIMAL(38, 19) COMMENT STRINGDECODE('\u0424\u043e\u0440\u043c\u0430')
);
ALTER TABLE PUBLIC.ACCESS_LIST ADD CONSTRAINT PUBLIC.ACCESS_LIST_PK PRIMARY KEY(ACCESS_LIST_ID);
-- 7 +/- SELECT COUNT(*) FROM PUBLIC.ACCESS_LIST;
INSERT INTO PUBLIC.ACCESS_LIST(ACCESS_LIST_ID, ACCESS_NAME, KEY_WORD, FORM_ID) VALUES
(4.0000000000000000000, STRINGDECODE('\u041e\u0442\u043a\u0440\u044b\u0442\u0438\u0435 \u0434\u043e\u043a\u0443\u043c\u0435\u043d\u0442\u043e\u0432'), 'docOpen', NULL),
(5.0000000000000000000, STRINGDECODE('\u0417\u0430\u043a\u0440\u044b\u0442\u0438\u0435 \u0434\u043e\u043a\u0443\u043c\u0435\u043d\u0442\u043e\u0432'), 'docClose', NULL),
(6.0000000000000000000, STRINGDECODE('\u041f\u0440\u043e\u0432\u0435\u0440\u043a\u0430 \u0434\u043e\u043a\u0443\u043c\u0435\u043d\u0442\u043e\u0432'), 'docCheck', NULL),
(7.0000000000000000000, STRINGDECODE('\u041e\u0442\u043a\u0440\u044b\u0442\u0438\u0435 \u043e\u0442\u0447\u0435\u0442\u043e\u0432'), 'repOpen', NULL),
(8.0000000000000000000, STRINGDECODE('\u0417\u0430\u043a\u0440\u044b\u0442\u0438\u0435 \u043e\u0442\u0447\u0435\u0442\u043e\u0432'), 'repClose', NULL),
(25482.0000000000000000000, STRINGDECODE('\u041f\u0440\u043e\u0432\u0435\u0434\u0435\u043d\u0438\u0435 \u0440\u0430\u0441\u0447\u0435\u0442\u043e\u0432'), 'Passing', NULL),
(65465456.0000000000000000000, STRINGDECODE('\u0413\u0435\u043d\u0435\u0440\u0430\u0446\u0438\u044f \u043e\u0442\u0447\u0435\u0442\u043e\u0432'), NULL, NULL);
CREATE CACHED TABLE PUBLIC.ASSETS COMMENT STRINGDECODE('\u041e\u0441\u043d\u043e\u0432\u043d\u044b\u0435 \u0444\u043e\u043d\u0434\u044b')(
    ID DECIMAL(22, 0) NOT NULL,
    NAME VARCHAR(400) NOT NULL,
    FIELD3 VARCHAR(100),
    FIELD4 VARCHAR(100),
    FIELD5 DECIMAL(22, 0),
    FIELD6 DECIMAL(22, 0),
    FIELD7 DOUBLE
);
ALTER TABLE PUBLIC.ASSETS ADD CONSTRAINT PUBLIC.ASSETS_PK PRIMARY KEY(ID);
-- 2 +/- SELECT COUNT(*) FROM PUBLIC.ASSETS;
INSERT INTO PUBLIC.ASSETS(ID, NAME, FIELD3, FIELD4, FIELD5, FIELD6, FIELD7) VALUES
(128015357440672, 'building1', 'rt45', 'fg67', 6, -11, NULL),
(128030527792115, 'building2', 'gr43', 'nh89', 5, 3, NULL);
CREATE INDEX PUBLIC.I127185895762216 ON PUBLIC.ASSETS(FIELD6);
CREATE CACHED TABLE PUBLIC.ASSET_GROUPS COMMENT STRINGDECODE('\u0413\u0440\u0443\u043f\u043f\u0430 \u043e\u0431\u044a\u0435\u043a\u0442\u0430 \u0440\u0435\u043c\u043e\u043d\u0442\u0430')(
    ID DECIMAL(38, 19) NOT NULL,
    NAME VARCHAR(100) NOT NULL COMMENT STRINGDECODE('\u041d\u0430\u0438\u043c\u0435\u043d\u043e\u0432\u0430\u043d\u0438\u0435'),
    P_ID DECIMAL(38, 19) COMMENT STRINGDECODE('\u0420\u043e\u0434\u0438\u0442\u0435\u043b\u044c')
);
ALTER TABLE PUBLIC.ASSET_GROUPS ADD CONSTRAINT PUBLIC.ASSET_GROUPS_PK PRIMARY KEY(ID);
-- 5 +/- SELECT COUNT(*) FROM PUBLIC.ASSET_GROUPS;
INSERT INTO PUBLIC.ASSET_GROUPS(ID, NAME, P_ID) VALUES
(1.0000000000000000000, STRINGDECODE('\u041f\u0440\u043e\u0438\u0437\u0432\u043e\u0434\u0441\u0442\u0432\u0435\u043d\u043d\u044b\u0435 \u041e\u0421'), NULL),
(2.0000000000000000000, STRINGDECODE('\u041d\u0435\u043f\u0440\u043e\u0438\u0437\u0432\u043e\u0434\u0441\u0442\u0432\u0435\u043d\u043d\u044b\u0435 \u041e\u0421'), NULL),
(3.0000000000000000000, STRINGDECODE('\u0421\u0442\u0430\u043d\u043a\u0438 \u0434\u0435\u0440\u0435\u0432\u043e\u043e\u0431\u0440\u0430\u0431\u0430\u0442\u044b\u0432\u0430\u044e\u0449\u0438\u0435'), 1.0000000000000000000),
(4.0000000000000000000, STRINGDECODE('\u041f\u0440\u043e\u0447\u0438\u0435 \u043f\u0440\u043e\u0438\u0437\u0432\u043e\u0434\u0441\u0442\u0432\u0435\u043d\u043d\u044b\u0435 \u041e\u0421'), 1.0000000000000000000),
(5.0000000000000000000, STRINGDECODE('\u041f\u0440\u043e\u043c\u044b\u0448\u043b\u0435\u043d\u043d\u043e-\u043f\u0440\u043e\u0438\u0437\u0432\u043e\u0434\u0441\u0442\u0432\u0435\u043d\u043d\u044b\u0435 \u041e\u0421'), 1.0000000000000000000);
CREATE CACHED TABLE PUBLIC.ASSET_KINDS COMMENT STRINGDECODE('\u0412\u0438\u0434 \u043e\u0431\u044a\u0435\u043a\u0442\u0430 \u0440\u0435\u043c\u043e\u043d\u0442\u0430')(
    ID DECIMAL(38, 19) NOT NULL,
    NAME VARCHAR(100) NOT NULL COMMENT STRINGDECODE('\u041d\u0430\u0438\u043c\u0435\u043d\u043e\u0432\u0430\u043d\u0438\u0435'),
    FIELD1 VARCHAR(100),
    FIELD2 DECIMAL(38, 0),
    FIELD3 TIMESTAMP,
    FIELD4 BLOB(4294967295),
    FIELD5 DECIMAL(38, 0)
);
ALTER TABLE PUBLIC.ASSET_KINDS ADD CONSTRAINT PUBLIC.ASSET_KINDS_PK PRIMARY KEY(ID);
-- 3 +/- SELECT COUNT(*) FROM PUBLIC.ASSET_KINDS;
INSERT INTO PUBLIC.ASSET_KINDS(ID, NAME, FIELD1, FIELD2, FIELD3, FIELD4, FIELD5) VALUES
(1.0000000000000000000, STRINGDECODE('\u041e\u0441\u043d\u043e\u0432\u043d\u043e\u0435 \u043e\u0431\u043e\u0440\u0443\u0434\u043e\u0432\u0430\u043d\u0438\u0435'), NULL, NULL, NULL, NULL, NULL),
(2.0000000000000000000, STRINGDECODE('\u0412\u0441\u043f\u043e\u043c\u043e\u0433\u0430\u0442\u0435\u043b\u044c\u043d\u043e\u0435 \u043e\u0431\u043e\u0440\u0443\u0434\u043e\u0432\u0430\u043d\u0438\u0435'), NULL, NULL, NULL, NULL, NULL),
(3.0000000000000000000, STRINGDECODE('\u0412\u044b\u0447\u0438\u0441\u043b\u0438\u0442\u0435\u043b\u044c\u043d\u0430\u044f \u0442\u0435\u0445\u043d\u0438\u043a\u0430'), NULL, NULL, NULL, NULL, NULL);
CREATE CACHED TABLE PUBLIC.ASSET_MARKS COMMENT STRINGDECODE('\u041c\u0430\u0440\u043a\u0438 \u043e\u0431\u044a\u0435\u043a\u0442\u043e\u0432 \u0440\u0435\u043c\u043e\u043d\u0442\u0430')(
    ID DECIMAL(38, 19) NOT NULL,
    NAME VARCHAR(100) NOT NULL COMMENT STRINGDECODE('\u041d\u0430\u0438\u043c\u0435\u043d\u043e\u0432\u0430\u043d\u0438\u0435'),
    FIELD1 VARCHAR(100)
);
ALTER TABLE PUBLIC.ASSET_MARKS ADD CONSTRAINT PUBLIC.ASSET_MARKS_PK PRIMARY KEY(ID);
-- 10 +/- SELECT COUNT(*) FROM PUBLIC.ASSET_MARKS;
INSERT INTO PUBLIC.ASSET_MARKS(ID, NAME, FIELD1) VALUES
(128049594110963.0000000000000000000, STRINGDECODE('\u0421\u0427-444'), NULL),
(128049595046828.0000000000000000000, STRINGDECODE('\u0421\u041c-\u04498\u0433234\u0440'), NULL),
(128049595600024.0000000000000000000, STRINGDECODE('\u0411876234'), NULL),
(128049596076572.0000000000000000000, STRINGDECODE('\u0414\u0432-09'), NULL),
(128049596964037.0000000000000000000, STRINGDECODE('\u0424-978'), NULL),
(128049597468768.0000000000000000000, STRINGDECODE('\u0424-34'), NULL),
(128049597975084.0000000000000000000, STRINGDECODE('\u0424-702'), NULL),
(128049598748403.0000000000000000000, STRINGDECODE('\u0414\u0432-75'), NULL),
(128049599817169.0000000000000000000, STRINGDECODE('\u0421\u0427-64'), NULL),
(128049601170306.0000000000000000000, STRINGDECODE('\u0421\u041c-56\u043c/8'), NULL);
CREATE CACHED TABLE PUBLIC.ASSET_TYPES COMMENT STRINGDECODE('\u0422\u0438\u043f\u044b \u043e\u0431\u044a\u0435\u043a\u0442\u043e\u0432 \u0440\u0435\u043c\u043e\u043d\u0442\u0430')(
    ID DECIMAL(38, 19) NOT NULL,
    NAME VARCHAR(100) COMMENT STRINGDECODE('\u041d\u0430\u0438\u043c\u0435\u043d\u043e\u0432\u0430\u043d\u0438\u0435'),
    DATEDATA TIMESTAMP
);
ALTER TABLE PUBLIC.ASSET_TYPES ADD CONSTRAINT PUBLIC.ASSET_TYPES_PK PRIMARY KEY(ID);
-- 6 +/- SELECT COUNT(*) FROM PUBLIC.ASSET_TYPES;
INSERT INTO PUBLIC.ASSET_TYPES(ID, NAME, DATEDATA) VALUES
(1.0000000000000000000, STRINGDECODE('\u041c\u0435\u0445\u0430\u043d\u0438\u0447\u0435\u0441\u043a\u043e\u043e\u0435 \u043e\u0431\u043e\u0440\u0443\u0434\u043e\u0432\u0430\u043d\u0438\u0435'), NULL),
(2.0000000000000000000, STRINGDECODE('\u042d\u043b\u0435\u043a\u0442\u0440\u0438\u0447\u0435\u0441\u043a\u043e\u0435 \u043e\u0431\u043e\u0440\u0443\u0434\u043e\u0432\u0430\u043d\u0438\u0435'), NULL),
(3.0000000000000000000, STRINGDECODE('\u0417\u0434\u0430\u043d\u0438\u044f \u0438 \u0441\u043e\u043e\u0440\u0443\u0436\u0435\u043d\u0438\u044f'), NULL),
(4.0000000000000000000, STRINGDECODE('\u0421\u0440\u0435\u0434\u0441\u0442\u0432\u0430 \u0438\u0437\u043c\u0435\u0440\u0435\u043d\u0438\u044f'), NULL),
(5.0000000000000000000, STRINGDECODE('\u0422\u0440\u0430\u043d\u0441\u043f\u043e\u0440\u0442\u043d\u044b\u0435 \u0441\u0440\u0435\u0434\u0441\u0442\u0432\u0430'), NULL),
(6.0000000000000000000, STRINGDECODE('\u0412\u044b\u0447\u0438\u0441\u043b\u0438\u0442\u0435\u043b\u044c\u043d\u0430\u044f \u0442\u0435\u0445\u043d\u0438\u043a\u0430'), NULL);
CREATE CACHED TABLE PUBLIC.COLA_MARKETS(
    MKT_ID DECIMAL(38, 19) NOT NULL,
    NAME VARCHAR(32) NOT NULL,
    FIELD1 VARCHAR(100),
    FIELD2 VARCHAR(100),
    SHAPE GEOMETRY
);
ALTER TABLE PUBLIC.COLA_MARKETS ADD CONSTRAINT PUBLIC.COLA_MARKETS_PK PRIMARY KEY(MKT_ID);
-- 4 +/- SELECT COUNT(*) FROM PUBLIC.COLA_MARKETS;
INSERT INTO PUBLIC.COLA_MARKETS(MKT_ID, NAME, FIELD1, FIELD2, SHAPE) VALUES
(1.0000000000000000000, 'cola_a', NULL, NULL, 'POLYGON ((1 1, 5 1, 5 7, 1 7, 1 1))'),
(2.0000000000000000000, 'cola_b', NULL, NULL, 'POLYGON ((5 1, 8 1, 8 6, 5 7, 5 1))'),
(3.0000000000000000000, 'cola_c', NULL, NULL, 'POLYGON ((3 3, 6 3, 6 5, 4 5, 3 3))'),
(4.0000000000000000000, 'cola_d', NULL, NULL, 'POLYGON ((3 3, 44 55, 66 55, 99 1010, 3 3))');
CREATE INDEX PUBLIC.COLA_SPATIAL_IDX ON PUBLIC.COLA_MARKETS(SHAPE);
CREATE CACHED TABLE PUBLIC.COLA_MARKETS_COPY(
    MKT_ID DECIMAL(38, 19) NOT NULL,
    NAME VARCHAR(32) NOT NULL,
    SHAPE GEOMETRY,
    FIELD1 VARCHAR(100),
    FIELD2 VARCHAR(100)
);
-- 4 +/- SELECT COUNT(*) FROM PUBLIC.COLA_MARKETS_COPY;
INSERT INTO PUBLIC.COLA_MARKETS_COPY(MKT_ID, NAME, SHAPE, FIELD1, FIELD2) VALUES
(1.0000000000000000000, 'cola_a', 'POLYGON ((1 1, 5 1, 5 7, 1 7, 1 1))', NULL, NULL),
(2.0000000000000000000, 'cola_b', 'POLYGON ((5 1, 8 1, 8 6, 5 7, 5 1))', NULL, NULL),
(3.0000000000000000000, 'cola_c', 'POLYGON ((3 3, 6 3, 6 5, 4 5, 3 3))', NULL, NULL),
(4.0000000000000000000, 'cola_d', 'POLYGON ((3 3, 44 55, 66 55, 99 1010, 3 3))', NULL, NULL);
CREATE CACHED TABLE PUBLIC.CUSTOMER COMMENT STRINGDECODE('\u0417\u0430\u043a\u0430\u0437\u0447\u0438\u043a')(
    CUSTOMER_ID DECIMAL(38, 19) NOT NULL COMMENT STRINGDECODE('Id \u0417\u0430\u043a\u0430\u0437\u0447\u0438\u043a\u0430'),
    CUSTOMER_NAME VARCHAR(100) COMMENT STRINGDECODE('\u0418\u043c\u044f \u0437\u0430\u043a\u0430\u0437\u0447\u0438\u043a\u0430'),
    CUSTOMER_ADDRESS VARCHAR(1000) COMMENT STRINGDECODE('\u0410\u0434\u0440\u0435\u0441 \u0437\u0430\u043a\u0430\u0437\u0447\u0438\u043a\u0430'),
    PARENT DECIMAL(38, 19)
);
ALTER TABLE PUBLIC.CUSTOMER ADD CONSTRAINT PUBLIC.CUSTOMER_PK PRIMARY KEY(CUSTOMER_ID);
-- 39 +/- SELECT COUNT(*) FROM PUBLIC.CUSTOMER;
INSERT INTO PUBLIC.CUSTOMER(CUSTOMER_ID, CUSTOMER_NAME, CUSTOMER_ADDRESS, PARENT) VALUES
(1.0000000000000000000, 'Sun Microsystems', ' 2211dsfasdfss', NULL),
(2.0000000000000000000, 'IBM', NULL, NULL),
(3.0000000000000000000, 'Microsoft', STRINGDECODE('\u0433. \u041a\u0440\u0430\u043a\u043e\u0437\u044f\u0431\u0440\u044b, \u0443\u043b \u041a\u044b\u0440\u043e\u0437\u0443\u0431\u0440\u044b, \u0434. 140500221699981'), NULL),
(4.0000000000000000000, 'Microsift', 'asdaas22', 3.0000000000000000000),
(6.0000000000000000000, 'UBM', 'didr', 2.0000000000000000000),
(7.0000000000000000000, 'ABM 22', 'didr', 2.0000000000000000000),
(8.0000000000000000000, 'Solaris', 'adr', 1.0000000000000000000),
(9.0000000000000000000, 'Gelios', 'qweq 22', 1.0000000000000000000),
(141649572546934.0000000000000000000, '1', '222', NULL),
(141649575861898.0000000000000000000, '1', '222', NULL),
(141657464673666.0000000000000000000, '3', '4444', NULL),
(141657470764975.0000000000000000000, '3', '4444', NULL),
(141657470894974.0000000000000000000, '1', '22', NULL),
(141692255227675.0000000000000000000, '1', '22', NULL),
(141692283216361.0000000000000000000, '3', '4444', NULL),
(141692283343732.0000000000000000000, '1', '22', NULL),
(143004078142116.0000000000000000000, '3', '4444', NULL),
(143012154820058.0000000000000000000, '3', '4444', NULL),
(143012199672356.0000000000000000000, '3', '4444', NULL),
(143012207479572.0000000000000000000, '3', '4444', NULL),
(143012222655981.0000000000000000000, '3', '4444', NULL),
(143012227559077.0000000000000000000, '3', '4444', NULL),
(143012238823855.0000000000000000000, '3', '4444', NULL),
(143012341059640.0000000000000000000, '1', '22', NULL),
(143012342017260.0000000000000000000, '3', '4444', NULL),
(143012349482383.0000000000000000000, '3', '4444', NULL),
(143012356231233.0000000000000000000, '3', '4444', NULL),
(143012364297948.0000000000000000000, '3', '4444', NULL),
(143012365298359.0000000000000000000, '3', '4444', NULL),
(143012369030946.0000000000000000000, '3', '4444', NULL),
(143012369921277.0000000000000000000, '3', '4444', NULL),
(143012370725902.0000000000000000000, '3', '4444', NULL),
(143012375415965.0000000000000000000, '3', '4444', NULL),
(143012376177211.0000000000000000000, '1', '22', NULL),
(143012379628045.0000000000000000000, '3', '4444', NULL),
(143012398941960.0000000000000000000, '3', '4444', NULL),
(143012398958212.0000000000000000000, '1', '22', NULL),
(143012402859959.0000000000000000000, '3', '4444', NULL),
(143012402889920.0000000000000000000, '1', '22', NULL);
CREATE CACHED TABLE PUBLIC.DELAWARE_ADMINISTRATIVE(
    DELAWARE_ADMINISTRATIVE_ID DECIMAL(38, 19) NOT NULL,
    THE_GEOM GEOMETRY,
    NAME VARCHAR(19) COMMENT STRINGDECODE('\u041d\u0430\u0438\u043c\u0435\u043d\u043e\u0432\u0430\u043d\u0438\u0435'),
    ADMIN_LEVE VARCHAR(1)
);
ALTER TABLE PUBLIC.DELAWARE_ADMINISTRATIVE ADD CONSTRAINT PUBLIC.DELAWARE_ADMINISTRATIVE_PK PRIMARY KEY(DELAWARE_ADMINISTRATIVE_ID);
-- 188 +/- SELECT COUNT(*) FROM PUBLIC.DELAWARE_ADMINISTRATIVE;
INSERT INTO PUBLIC.DELAWARE_ADMINISTRATIVE(DELAWARE_ADMINISTRATIVE_ID, THE_GEOM, NAME, ADMIN_LEVE) VALUES
(1.0000000000000000000, 'MULTILINESTRING ((-75.786413 39.66026, -75.785931 39.660545, -75.784328 39.65937, -75.7841399 39.659232, -75.783983 39.658637, -75.78397 39.658581, -75.783934 39.658415, -75.783922 39.65836, -75.783764 39.658499, -75.783485 39.65875, -75.782534 39.659612, -75.782189 39.659935, -75.781888 39.660219, -75.7817589 39.6603319, -75.781042 39.659922, -75.780571 39.659653, -75.780097 39.659383, -75.778967 39.658575, -75.77895 39.658563, -75.778331 39.658051, -75.7780949 39.65786, -75.777739 39.658194, -75.776008 39.659823, -75.775431 39.660366, -75.775454 39.660382, -75.775523 39.660433, -75.775547 39.66045, -75.7755959 39.660507, -75.775209 39.66085, -75.774753 39.661256, -75.774621 39.661353, -75.774995 39.662282, -75.775217 39.662832, -75.776279 39.6613619, -75.778018 39.658959, -75.778327 39.658533, -75.779966 39.659585, -75.780364 39.659841, -75.781492 39.660566, -75.781051 39.660952, -75.780762 39.661184, -75.780515 39.661383, -75.778809 39.662867, -75.778591 39.66306, -75.777876 39.663696, -75.777803 39.663761, -75.777586 39.663959, -75.777514 39.664025, -75.77727 39.664231, -75.776559 39.664837, -75.776541 39.664851, -75.776295 39.665055, -75.776282 39.665066, -75.7762149 39.665123, -75.775977 39.66533, -75.775941 39.665453, -75.7761079 39.665525, -75.777039 39.665429, -75.777534 39.665245, -75.778152 39.665735, -75.77847 39.665988, -75.778414 39.6664869, -75.779549 39.6684089, -75.779959 39.670219, -75.779771 39.670985, -75.778813 39.671178, -75.777365 39.6714709, -75.776801 39.671703, -75.776751 39.671861, -75.776513 39.67205, -75.776292 39.6722279, -75.775806 39.672408, -75.775735 39.672324, -75.775539 39.672092, -75.775209 39.671565, -75.774793 39.6709, -75.774177 39.670727, -75.77374 39.670688, -75.773527 39.67067, -75.773331 39.6707729, -75.773164 39.670853, -75.772895 39.670989, -75.7720889 39.671398, -75.771821 39.671535, -75.771673 39.67162, -75.771469 39.671739, -75.77174 39.671684, -75.771908 39.671651, -75.77219 39.671746, -75.772798 39.671951, -75.772831 39.6721999, -75.772871 39.672496, -75.772904 39.672596, -75.773005 39.672896, -75.773039 39.672997, -75.773016 39.67312, -75.772966 39.673391, -75.772891 39.67346, -75.7732927 39.673589, -75.7729666 39.6739788, -75.7691042 39.6772289, -75.768314 39.677614, -75.768767 39.677471, -75.768883 39.677435, -75.770078 39.677062, -75.77013 39.677046, -75.770585 39.676907, -75.7707719 39.676849, -75.770856 39.676824, -75.7713349 39.676677, -75.771523 39.67662, -75.771705 39.676563, -75.772253 39.6763959, -75.772436 39.67634, -75.772744 39.676245, -75.7736709 39.675961, -75.773916 39.675887, -75.773981 39.675869, -75.774001 39.675861, -75.774751 39.675633, -75.775284 39.675474, -75.778736 39.674451, -75.7792 39.674307, -75.780501 39.673904, -75.782037 39.673428, -75.784161 39.672769, -75.785989 39.672204, -75.7866449 39.672001, -75.7868404 39.6836142, -75.7862396 39.6841294, -75.7858619 39.6842087, -75.7851324 39.684321, -75.7849436 39.6844993, -75.7847032 39.684354, -75.7839565 39.6842153, -75.7839737 39.6840303, -75.7839222 39.6832773, -75.7838793 39.6830594, -75.7838964 39.6829405, -75.783832 39.682915, -75.783813 39.68289, -75.783767 39.682829, -75.783721 39.68279, -75.78369 39.682763, -75.783528 39.682693, -75.783338 39.682677, -75.783274 39.6826719, -75.783202 39.682671, -75.783139 39.6825509, -75.78295 39.682194, -75.782887 39.682075, -75.781384 39.6823539, -75.779931 39.682625, -75.780437 39.683298, -75.7812957 39.6850938, -75.7817163 39.6857807, -75.7821529 39.686623, -75.782351 39.686602, -75.782945 39.686539, -75.7831439 39.6865189, -75.783051 39.6864, -75.783038 39.686383, -75.782837 39.686098, -75.7827889 39.686031, -75.782703 39.685908, -75.7827889 39.685912, -75.783051 39.6859279, -75.7831379 39.685933, -75.783097 39.685479, -75.783077 39.68525, -75.78391 39.685227, -75.78394 39.685528, -75.783987 39.685982, -75.783997 39.686054, -75.784027 39.686272, -75.784038 39.686345, -75.784061 39.686402, -75.78413 39.686575, -75.784154 39.686633, -75.784232 39.686752, -75.784468 39.687112, -75.784547 39.687232, -75.784588 39.687232, -75.7847139 39.6872339, -75.784756 39.687235, -75.784969 39.687236, -75.78561 39.687239, -75.785824 39.687241, -75.785899 39.686554, -75.7859409 39.686182, -75.786843 39.686153, -75.786912 39.685642, -75.786871 39.6877, -75.786304 39.687682, -75.785736 39.687665, -75.785363 39.687653, -75.785314 39.687652, -75.784739 39.687651, -75.784725 39.687728, -75.7847199 39.687745, -75.784692 39.687847, -75.784635 39.6880219, -75.784606 39.688114, -75.7845789 39.688194, -75.784499 39.688437, -75.784485 39.688483, -75.78447 39.688517, -75.784397 39.688685, -75.78438 39.688728, -75.784331 39.688859, -75.784341 39.689224, -75.784347 39.689408, -75.784668 39.689494, -75.7851249 39.689617, -75.784671 39.689881, -75.784384 39.690049, -75.7845789 39.69014, -75.784646 39.690161, -75.785045 39.690291, -75.7853219 39.690403, -75.785442 39.690474, -75.785514 39.690517, -75.785679 39.690636, -75.78522 39.691158, -75.785209 39.691171, -75.785058 39.691642, -75.785227 39.691928, -75.785253 39.69198, -75.785326 39.692117, -75.785399 39.692254, -75.785782 39.692532, -75.785568 39.6928709, -75.785198 39.69346, -75.785177 39.693542, -75.785116 39.693789, -75.7850969 39.693872, -75.785022 39.693843, -75.784996 39.693833, -75.784798 39.693756, -75.784724 39.693728, -75.784745 39.693652, -75.784808 39.693428, -75.78483 39.693353, -75.784126 39.693015, -75.7842919 39.692621, -75.784311 39.692577, -75.783526 39.692493, -75.783012 39.6922349, -75.78317 39.691797, -75.781467 39.691407, -75.7812639 39.691361, -75.780812 39.692049, -75.780696 39.692181, -75.780826 39.692239, -75.781001 39.692305, -75.781927 39.692656, -75.782236 39.692773, -75.78238 39.692829, -75.782682 39.6929469, -75.782813 39.692996, -75.7829579 39.6930509, -75.783 39.693601, -75.783067 39.694466, -75.783154 39.695222, -75.783182 39.695224, -75.783733 39.695267, -75.783709 39.695305, -75.7836389 39.695421, -75.783617 39.69546, -75.784351 39.695759, -75.786553 39.696658, -75.787051 39.70153, -75.786699 39.701503, -75.786507 39.701507, -75.786326 39.701511, -75.786257 39.701513, -75.786265 39.701493, -75.786374 39.701244, -75.786411 39.7011619, -75.786331 39.7011619, -75.786153 39.701163, -75.786094 39.7011589, -75.78608 39.7011589, -75.786016 39.701166, -75.786067 39.701032, -75.78622 39.700631, -75.786272 39.700498, -75.786121 39.700477, -75.78605 39.70046, -75.785965 39.700422, -75.785894 39.700306, -75.785873 39.700127, -75.785858 39.699999, -75.78583 39.699933, -75.785773 39.699845, -75.785695 39.69979, -75.785617 39.699757, -75.785268 39.699674, -75.78524 39.699674, -75.784828 39.699559, -75.784685 39.699499, -75.784621 39.69946, -75.7844719 39.699306, -75.784343 39.699211, -75.7843369 39.699207, -75.7842019 39.699141, -75.784031 39.699075, -75.783754 39.698981, -75.782533 39.698887, -75.778871 39.698605, -75.77885 39.698604, -75.77765 39.698686, -75.777128 39.698693, -75.777009 39.698648, -75.776996 39.698644, -75.7757 39.698749, -75.775076 39.69885, -75.774436 39.698955, -75.774866 39.6992679, -75.775358 39.699626, -75.774981 39.699756, -75.774497 39.699414, -75.774062 39.699108, -75.773824 39.699151, -75.773114 39.699281, -75.772877 39.699325, -75.7728039 39.699336, -75.772586 39.6993719, -75.772514 39.699385, -75.772782 39.700687, -75.773355 39.703469, -75.772219 39.703639, -75.770905 39.703836, -75.770857 39.703783, -75.770765 39.70366, -75.770553 39.703376, -75.770388 39.703102, -75.770371 39.703074, -75.770272 39.702911, -75.770256 39.702885, -75.770209 39.702807, -75.770194 39.702781, -75.770149 39.7027069, -75.770122 39.702663, -75.770012 39.70249, -75.769966 39.702418, -75.769387 39.702558, -75.767649 39.702981, -75.767071 39.703122, -75.767055 39.703052, -75.76701 39.7028419, -75.766995 39.702772, -75.766879 39.7022509, -75.766532 39.700691, -75.766417 39.700171, -75.76674 39.700055, -75.766756 39.7000529, -75.767829 39.699948, -75.768187 39.699914, -75.768162 39.699861, -75.768108 39.699744, -75.76808 39.699709, -75.768045 39.699664, -75.767828 39.699391, -75.767808 39.6993719, -75.767195 39.698815, -75.766961 39.698631, -75.766666 39.698399, -75.764124 39.698755, -75.762114 39.699037, -75.759531 39.699336, -75.758006 39.696672, -75.757482 39.695756, -75.755998 39.695478, -75.755652 39.695431, -75.754614 39.69529, -75.754369 39.695257, -75.7542689 39.695243, -75.754142 39.695262, -75.754015 39.695282, -75.753562 39.695351, -75.751445 39.695675, -75.750739 39.695784, -75.751386 39.695777, -75.753327 39.695756, -75.7538019 39.695752, -75.753888 39.695751, -75.753975 39.6957499, -75.753692 39.696238, -75.753182 39.697122, -75.752934 39.697746, -75.7527269 39.698271, -75.7526309 39.698251, -75.752157 39.698153, -75.75197 39.698115, -75.750513 39.697581, -75.749968 39.697381, -75.7499519 39.697411, -75.749905 39.697501, -75.7498899 39.697532, -75.749838 39.697631, -75.749683 39.69793, -75.749632 39.69803, -75.749622 39.698046, -75.749595 39.698094, -75.7495859 39.698111, -75.749393 39.698061, -75.748814 39.697911, -75.748621 39.697862, -75.748515 39.698042, -75.748199 39.698585, -75.748094 39.698766, -75.748287 39.698822, -75.748868 39.69899, -75.749062 39.699047, -75.749014 39.699132, -75.748966 39.699218, -75.748959 39.699236, -75.748946 39.6992509, -75.748869 39.6993859, -75.748822 39.699472, -75.748788 39.699532, -75.748769 39.699565, -75.748756 39.699587, -75.74856 39.699935, -75.748496 39.700051, -75.748306 39.699996, -75.747736 39.699833, -75.747546 39.699779, -75.747495 39.6998729, -75.747343 39.700155, -75.747293 39.7002499, -75.747478 39.700308, -75.748033 39.700485, -75.748219 39.700544, -75.748163 39.700642, -75.747998 39.700936, -75.747943 39.701035, -75.747803 39.701294, -75.747383 39.702073, -75.747261 39.702301, -75.747243 39.702333, -75.746936 39.702874, -75.746851 39.703035, -75.746555 39.703604, -75.746312 39.704214, -75.746131 39.7047529, -75.745993 39.705281, -75.745792 39.70606, -75.745639 39.706668, -75.745428 39.7075109, -75.7451619 39.70849, -75.744998 39.709096, -75.744902 39.709424, -75.744817 39.7096469, -75.744786 39.709696, -75.744676 39.709872, -75.744649 39.709908, -75.744636 39.7099369, -75.744358 39.71028, -75.743802 39.710933, -75.743582 39.711182, -75.743488 39.71129, -75.743141 39.711644, -75.742656 39.71167, -75.742346 39.711686, -75.742071 39.7117, -75.741954 39.7117069, -75.74032 39.713246, -75.739832 39.713698, -75.739791 39.71388, -75.739559 39.714926, -75.739318 39.714843, -75.739006 39.714736, -75.738651 39.714568, -75.738618 39.714549, -75.738397 39.714425, -75.738379 39.714413, -75.738325 39.714377, -75.738308 39.714366, -75.73804 39.714157, -75.737464 39.7137079, -75.737281 39.713484, -75.737067 39.713221, -75.737025 39.713133, -75.737015 39.713111, -75.7369 39.712869, -75.736859 39.712782, -75.736837 39.712749, -75.736771 39.712652, -75.73675 39.71262, -75.736785 39.712604, -75.736889 39.712559, -75.736925 39.712544, -75.736947 39.712357, -75.7370119 39.711797, -75.737035 39.711611, -75.737027 39.711568, -75.736771 39.711611, -75.736696 39.711624, -75.736426 39.711146, -75.736183 39.711291, -75.735924 39.711447, -75.735807 39.711274, -75.735456 39.710755, -75.7353399 39.710583, -75.735317 39.710548, -75.735249 39.710444, -75.735227 39.71041, -75.735194 39.710361, -75.735095 39.710214, -75.735062 39.710165, -75.735041 39.710178, -75.7349799 39.71022, -75.73496 39.710235, -75.734937 39.710199, -75.73492 39.710176, -75.7347939 39.710005, -75.734753 39.709949, -75.735994 39.709534, -75.735792 39.709046, -75.735187 39.707585, -75.734986 39.707099, -75.734043 39.705626, -75.733238 39.704368, -75.736689 39.702896, -75.738298 39.702211, -75.738489 39.702096, -75.7390659 39.701752, -75.739258 39.701638, -75.740249 39.699789, -75.740341 39.69962, -75.74213 39.693789, -75.742505 39.692569, -75.74216 39.6918239, -75.74205 39.691864, -75.742037 39.691866, -75.741675 39.691932, -75.741656 39.691936, -75.74153 39.691964, -75.741303 39.6920069, -75.741111 39.692048, -75.740394 39.6922039, -75.740077 39.692269, -75.739857 39.692316, -75.73944 39.692408, -75.739045 39.692488, -75.738667 39.692565, -75.7381939 39.692662, -75.737864 39.692743, -75.73783 39.692752, -75.737472 39.692835, -75.736889 39.695023, -75.73581 39.699084, -75.735529 39.699011, -75.734361 39.698729, -75.733289 39.69847, -75.732538 39.698289, -75.732776 39.69699, -75.7328069 39.696822, -75.73305 39.69581, -75.733467 39.694077, -75.733113 39.692866, -75.733081 39.692797, -75.733011 39.692645, -75.733786 39.69242, -75.733785 39.692417, -75.733775 39.6923559, -75.73375 39.692283, -75.733735 39.692237, -75.733677 39.692242, -75.733395 39.692268, -75.733172 39.692288, -75.73313 39.692291, -75.7329479 39.692309, -75.732501 39.692289, -75.732136 39.69235, -75.7314169 39.692501, -75.731223 39.692527, -75.731039 39.692552, -75.730731 39.692579, -75.729028 39.692828, -75.728407 39.6929, -75.727954 39.692911, -75.727518 39.692863, -75.7268579 39.6928709, -75.7266269 39.692776, -75.726358 39.692613, -75.726093 39.6925079, -75.726063 39.692497, -75.72575 39.692416, -75.725421 39.6923109, -75.725127 39.6922939, -75.724756 39.692348, -75.724386 39.692421, -75.724349 39.692422, -75.724341 39.692425, -75.72432 39.692434, -75.724208 39.692456, -75.724189 39.6924599, -75.724163 39.6924629, -75.72416 39.692365, -75.724154 39.692136, -75.724152 39.692067, -75.724152 39.692064, -75.724238 39.691657, -75.724425 39.691137, -75.724365 39.690919, -75.72426 39.6905349, -75.7242009 39.690453, -75.724167 39.690406, -75.724179 39.6903549, -75.72405 39.6902169, -75.723982 39.6901439, -75.724029 39.690021, -75.724045 39.689928, -75.724019 39.689864, -75.7239759 39.689668, -75.723665 39.688214, -75.723562 39.68773, -75.723549 39.687623, -75.723511 39.687305, -75.723499 39.687199, -75.723544 39.687195, -75.723682 39.687184, -75.723728 39.687181, -75.723652 39.686788, -75.723425 39.685608, -75.72335 39.6852159, -75.723333 39.685092, -75.723329 39.685061, -75.723406 39.6850809, -75.723542 39.685116, -75.7237169 39.685168, -75.723794 39.68519, -75.723996 39.685235, -75.724344 39.685319, -75.725384 39.685591, -75.726134 39.685794, -75.726683 39.6858999, -75.726839 39.685923, -75.727138 39.6859589, -75.72783 39.686011, -75.728036 39.686013, -75.728739 39.685984, -75.729414 39.68588, -75.7308265 39.6856457, -75.731893 39.685503, -75.732786 39.685349, -75.7329589 39.685373, -75.732792 39.685053, -75.732714 39.684903, -75.732334 39.684074, -75.7322499 39.68389, -75.7319453 39.6832451, -75.7312453 39.6833832, -75.7311129 39.682962, -75.73059 39.683206, -75.730438 39.682826, -75.730265 39.682808, -75.729461 39.682772, -75.728685 39.682739, -75.728017 39.682671, -75.727665 39.682636, -75.727749 39.681607, -75.728361 39.681477, -75.729018 39.681339, -75.729365 39.68125, -75.729646 39.681179, -75.7307261 39.6808144, -75.729575 39.678361, -75.7293679 39.677919, -75.729325 39.677829, -75.729311 39.677797, -75.729298 39.677758, -75.729273 39.677717, -75.729196 39.677561, -75.729153 39.677472, -75.729022 39.677195, -75.728971 39.67705, -75.72897 39.677046, -75.7289459 39.676954, -75.728913 39.676644, -75.728722 39.675678, -75.728632 39.675224, -75.728621 39.6751689, -75.728603 39.6750789, -75.728587 39.675007, -75.728575 39.674953, -75.728523 39.674712, -75.728396 39.67411, -75.7283719 39.67399, -75.728325 39.673749, -75.728308 39.673666, -75.728297 39.673606, -75.728267 39.673417, -75.728254 39.673335, -75.729699 39.67322, -75.7308563 39.6731466, -75.7362294 39.6646305, -75.7352338 39.664723, -75.7351565 39.6640557, -75.7366242 39.6639302, -75.7368302 39.6635866, -75.738052 39.661454, -75.738114 39.6613619, -75.738299 39.661087, -75.738362 39.660996, -75.738441 39.660967, -75.73868 39.660883, -75.738726 39.660868, -75.73876 39.660854, -75.7389029 39.660792, -75.73896 39.660768, -75.73934 39.660621, -75.739486 39.660565, -75.739973 39.66039, -75.740405 39.660226, -75.740685 39.6601209, -75.740885 39.660039, -75.741598 39.659761, -75.74272 39.659365, -75.74317 39.659231, -75.743275 39.6592, -75.744111 39.658958, -75.744142 39.658955, -75.744628 39.658825, -75.744955 39.658743, -75.745762 39.658542, -75.747134 39.658305, -75.7473 39.658282, -75.747525 39.658262, -75.747974 39.658224, -75.7483972 39.6582241, -75.7484026 39.6581009, -75.746806 39.658225, -75.747016 39.657533, -75.7466066 39.6573953, -75.7465689 39.656784, -75.7488877 39.655809, -75.7505149 39.6561639, -75.7505218 39.6557167, -75.749519 39.654002, -75.749502 39.653916, -75.749506 39.653898, -75.74936 39.653694, -75.749207 39.65348, -75.749067 39.653221, -75.749056 39.653, -75.749048 39.652974, -75.748975 39.652716, -75.748596 39.652693, -75.747459 39.652625, -75.747081 39.652603, -75.746922 39.652447, -75.746445 39.65198, -75.746287 39.651825, -75.746196 39.651736, -75.746008 39.651553, -75.745923 39.65147, -75.745864 39.651413, -75.745831 39.651384, -75.7457249 39.651531, -75.745409 39.651974, -75.745304 39.652122, -75.744922 39.65224, -75.744345 39.65242, -75.744322 39.6530119, -75.744308 39.653412, -75.744288 39.653694, -75.744287 39.653715, -75.743459 39.653708, -75.743367 39.653708, -75.743177 39.653707, -75.742878 39.653714, -75.74198 39.653736, -75.741682 39.653744, -75.740427 39.653852, -75.739949 39.653894, -75.739754 39.652792, -75.737582 39.652972, -75.73692 39.653028, -75.736331 39.65311, -75.736348 39.653177, -75.736367 39.653252, -75.736399 39.653379, -75.736417 39.653447, -75.73594 39.653104, -75.735872 39.653056, -75.735399 39.653003, -75.734762 39.653017, -75.734204 39.653098, -75.7341409 39.653108, -75.7339518 39.6531585, -75.733591 39.653243, -75.7335499 39.653253, -75.733465 39.653273, -75.7333549 39.6531882, -75.7324144 39.650352, -75.7319265 39.6486493, -75.733847 39.648314, -75.734277 39.648229, -75.734405 39.648202, -75.734791 39.648125, -75.73492 39.6481, -75.735601 39.647961, -75.737647 39.647545, -75.7381769 39.647438, -75.7383289 39.647405, -75.738773 39.647372, -75.740106 39.647275, -75.740551 39.647243, -75.740927 39.6473159, -75.742058 39.647537, -75.742435 39.647611, -75.742473 39.647625, -75.742588 39.647668, -75.742627 39.647683, -75.743832 39.648236, -75.743975 39.648302, -75.74745 39.649896, -75.748656 39.65045, -75.748831 39.6505054, -75.749039 39.650354, -75.7499435 39.6497162, -75.7508222 39.6508348, -75.750857 39.65097, -75.7508222 39.6508348, -75.751454 39.651552, -75.751878 39.651537, -75.751882 39.651394, -75.75227 39.651375, -75.753836 39.651302, -75.753918 39.651411, -75.75443 39.651458, -75.75417 39.65086, -75.753968 39.650393, -75.753901 39.649951, -75.754147 39.6498769, -75.754279 39.649833, -75.754772 39.64967, -75.755459 39.649445, -75.755663 39.649338, -75.755762 39.64928, -75.756077 39.649035, -75.756156 39.648975, -75.756186 39.649136, -75.756309 39.6497839, -75.756719 39.649675, -75.756835 39.649135, -75.756876 39.648949, -75.758002 39.64826, -75.7589859 39.647737, -75.759197 39.647518, -75.7595149 39.647191, -75.7593179 39.646709, -75.759297 39.646674, -75.759234 39.6465699, -75.759171 39.646485, -75.759048 39.646332, -75.758616 39.645911, -75.758248 39.6459819, -75.758025 39.644558, -75.757709 39.6425259, -75.760281 39.643216, -75.760401 39.643952, -75.760127 39.643896, -75.760107 39.644556, -75.75972 39.644699, -75.759664 39.644577, -75.759555 39.644599, -75.759125 39.644691, -75.759175 39.64533, -75.758729 39.645293, -75.7591209 39.64602, -75.7592389 39.645862, -75.75933 39.645749, -75.759442 39.645636, -75.759569 39.645532, -75.759703 39.645442, -75.759914 39.645293, -75.760186 39.645077, -75.76042 39.6448729, -75.7606629 39.644643, -75.760768 39.644535, -75.761465 39.643952, -75.761596 39.643839, -75.762052 39.64345, -75.762233 39.643311, -75.762297 39.643256, -75.76246 39.643119, -75.762492 39.643092, -75.762558 39.643039, -75.762522 39.643116, -75.762417 39.643348, -75.762383 39.643426, -75.762197 39.643838, -75.76214 39.643966, -75.762244 39.64518, -75.762283 39.645632, -75.762291 39.645704, -75.762316 39.645922, -75.762325 39.645995, -75.762531 39.646576, -75.762618 39.646822, -75.763891 39.646422, -75.763859 39.646167, -75.763784 39.645555, -75.7638039 39.645469, -75.763806 39.645462, -75.763842 39.645256, -75.76385 39.645209, -75.763865 39.645123, -75.763885 39.644933, -75.763538 39.644352, -75.763234 39.644039, -75.763069 39.64387, -75.762792 39.64337, -75.762811 39.64317, -75.763245 39.643465, -75.763842 39.643985, -75.7645639 39.644163, -75.765325 39.644097, -75.765263 39.644142, -75.764899 39.644414, -75.764287 39.645003, -75.764216 39.64506, -75.764211 39.645065, -75.764253 39.645324, -75.764268 39.645414, -75.764366 39.645579, -75.764404 39.645597, -75.764695 39.646007, -75.765025 39.646325, -75.76536 39.646291, -75.765689 39.645904, -75.765799 39.645927, -75.766316 39.646035, -75.766503 39.6476, -75.764478 39.64767, -75.763763 39.647695, -75.762152 39.647751, -75.761089 39.647788, -75.761339 39.648847, -75.761397 39.649402, -75.761574 39.651068, -75.761597 39.651282, -75.761657 39.651621, -75.761435 39.651636, -75.761273 39.651648, -75.760772 39.651685, -75.760552 39.651702, -75.760582 39.651925, -75.760673 39.652594, -75.760704 39.652818, -75.762967 39.652744, -75.763489 39.652728, -75.765455 39.6533299, -75.769405 39.652853, -75.769445 39.653085, -75.769463 39.653182, -75.769621 39.654089, -75.769835 39.655316, -75.769828 39.655579, -75.7698209 39.655884, -75.769852 39.65637, -75.769869 39.6566339, -75.769876 39.656713, -75.769899 39.656951, -75.769907 39.657031, -75.769983 39.657463, -75.770212 39.658761, -75.770235 39.658887, -75.7705 39.658723, -75.771828 39.657965, -75.775814 39.655693, -75.777143 39.654936, -75.77776 39.654608, -75.777776 39.6546, -75.7790799 39.652979, -75.779369 39.652621, -75.779495 39.652418, -75.779665 39.652322, -75.780176 39.652036, -75.780347 39.651941, -75.780372 39.651922, -75.780449 39.651868, -75.780475 39.651851, -75.780534 39.652278, -75.780548 39.652311, -75.7805769 39.652475, -75.7805829 39.652504, -75.78077 39.653041, -75.7810609 39.653618, -75.781438 39.654159, -75.781486 39.654228, -75.781857 39.654636, -75.78194 39.654733, -75.782045 39.654855, -75.782203 39.655014, -75.782279 39.655091, -75.782292 39.655107, -75.7835939 39.654055, -75.783813 39.653587, -75.784512 39.652864))', NULL, '8');
INSERT INTO PUBLIC.DELAWARE_ADMINISTRATIVE(DELAWARE_ADMINISTRATIVE_ID, THE_GEOM, NAME, ADMIN_LEVE) VALUES
(2.0000000000000000000, 'MULTILINESTRING ((-75.784802 39.819017, -75.786246 39.818865, -75.787034 39.8199309, -75.786044 39.829671, -75.786022 39.829678, -75.785328 39.82978, -75.784718 39.829869, -75.782725 39.830163, -75.781844 39.830292, -75.781806 39.830298, -75.781764 39.830304, -75.777907 39.83056, -75.777194 39.830607, -75.776204 39.830673, -75.776114 39.829656, -75.776144 39.829493, -75.776199 39.829214, -75.776208 39.829165, -75.775981 39.826719, -75.77571 39.825093, -75.7755619 39.823422, -75.775531 39.823071, -75.775314 39.820621, -75.775261 39.82002, -75.775296 39.820017, -75.780919 39.819425, -75.783436 39.819161, -75.783496 39.819155, -75.783561 39.819148, -75.783633 39.81914, -75.784802 39.819017))', NULL, '8'),
(3.0000000000000000000, 'MULTILINESTRING ((-75.786754 39.612736, -75.787006 39.610558, -75.785315 39.61207, -75.7852769 39.610938, -75.785166 39.607542, -75.785129 39.606411, -75.785126 39.606378, -75.785118 39.606279, -75.785116 39.606246, -75.7851139 39.606238, -75.785113 39.606233, -75.7851139 39.606214, -75.785115 39.606207, -75.7851139 39.606204, -75.785113 39.606195, -75.785113 39.606193, -75.785112 39.606175, -75.785112 39.606121, -75.785112 39.606104, -75.785098 39.6047749, -75.785092 39.6040599, -75.7850349 39.597929, -75.785017 39.595886))', NULL, '8'),
(4.0000000000000000000, 'MULTILINESTRING ((-75.05251 38.451273, -75.053483 38.451274, -75.0653537 38.4512896, -75.066327 38.451291, -75.069909 38.451276, -75.1418939 38.451196, -75.185413 38.451013, -75.1858394 38.4510154, -75.2049764 38.4511246, -75.2184086 38.4512012, -75.2271831 38.4512513, -75.2362712 38.451303, -75.252723 38.451397, -75.26035 38.451492, -75.2730596 38.4515671, -75.3313534 38.4519115, -75.34125 38.45197, -75.355797 38.452008, -75.371054 38.452107, -75.393563 38.452114, -75.394786 38.45216, -75.410884 38.4524, -75.424831 38.45261, -75.428728 38.452671, -75.47915 38.453699, -75.500142 38.454144, -75.502961 38.45422, -75.521304 38.454657, -75.52273 38.454657, -75.5337629 38.454958, -75.5554211 38.4554728, -75.5573887 38.4555197, -75.5576571 38.45553, -75.5578716 38.45553, -75.5580346 38.4555435, -75.5592278 38.4555703, -75.5599316 38.4555838, -75.5602531 38.4555883, -75.5608038 38.4556043, -75.5623736 38.4556499, -75.562851 38.4556638, -75.5631915 38.4556737, -75.5641949 38.4557028, -75.57411 38.455991, -75.5827793 38.4563865, -75.583601 38.456424, -75.589307 38.456286, -75.593082 38.456404, -75.598069 38.456855, -75.630457 38.457904, -75.662843 38.458759, -75.6655849 38.4589, -75.693521 38.460128, -75.696369 38.492373, -75.696688 38.496467, -75.698777 38.522001, -75.700179 38.542717, -75.701565 38.560736, -75.703445 38.58512, -75.703981 38.592066, -75.705774 38.61474, -75.70586 38.616268, -75.706235 38.621296, -75.706585 38.626125, -75.707346 38.63528, -75.7128649 38.7054974, -75.7204409 38.8018873, -75.722028 38.822078, -75.72261 38.830008, -75.722882 38.833156, -75.724002 38.846682, -75.724061 38.847781, -75.725565 38.868152, -75.725829 38.869296, -75.7279214 38.8955211, -75.7328681 38.9575207, -75.7386328 39.0297734, -75.7419024 39.0707526, -75.7421568 39.0739407, -75.7426624 39.0802784, -75.7438109 39.094674, -75.745793 39.114935, -75.746121 39.120318, -75.747668 39.143306, -75.749356 39.164815, -75.751028 39.177762, -75.7510688 39.1783269, -75.7525803 39.1992561, -75.755953 39.245958, -75.7569463 39.2581271, -75.7581888 39.2733498, -75.7600867 39.2966001, -75.7601327 39.2971654, -75.7639934 39.3444612, -75.7651206 39.3582711, -75.7658052 39.3666585, -75.766667 39.377216, -75.7698202 39.4158619, -75.7738823 39.465649, -75.7751378 39.4810367, -75.7795706 39.5353668, -75.780786 39.5502619, -75.7824551 39.5722226, -75.783473 39.5856165, -75.7850564 39.6064488, -75.7862118 39.6216517, -75.78689 39.630575))', NULL, '4'),
(5.0000000000000000000, 'MULTILINESTRING ((-75.78617 38.706203, -75.783905 38.703235, -75.78376 38.703052, -75.783592 38.702819, -75.783485 38.702739, -75.7833969 38.7027, -75.783271 38.702644, -75.782897 38.702529, -75.781356 38.702117, -75.780899 38.7020229, -75.7800819 38.701854, -75.77983 38.701805, -75.779209 38.7016319, -75.778739 38.701503, -75.777492 38.701073, -75.777344 38.701022, -75.775817 38.701184, -75.775526 38.701217, -75.774037 38.701378, -75.772988 38.701481, -75.77083 38.701729, -75.767899 38.702044, -75.764362 38.702435, -75.764252 38.702447, -75.764255 38.702333, -75.764211 38.70205, -75.764144 38.701622, -75.764131 38.7015699, -75.764104 38.70146, -75.764061 38.701288, -75.764075 38.701116, -75.763992 38.701062, -75.763882 38.700609, -75.763772 38.700544, -75.763758 38.70047, -75.76373 38.700318, -75.763675 38.69993, -75.763623 38.699693, -75.763628 38.69919, -75.763613 38.69899, -75.763586 38.698742, -75.763475 38.697945, -75.763381 38.6973429, -75.763384 38.697251, -75.762542 38.696205, -75.762597 38.695763, -75.7626389 38.695394, -75.762572 38.69539, -75.762499 38.695336, -75.762326 38.695335, -75.76213 38.69527, -75.762062 38.695037, -75.760764 38.696488, -75.759963 38.696908, -75.759834 38.696899, -75.759574 38.697017, -75.759411 38.697001, -75.759788 38.695275, -75.760048 38.694104, -75.760108 38.693833, -75.760228 38.693293, -75.760698 38.693291, -75.761667 38.693282, -75.761918 38.69328, -75.762409 38.693269, -75.762387 38.693035, -75.762337 38.692511, -75.761686 38.692543, -75.761669 38.692869, -75.760829 38.692895, -75.760683 38.692903, -75.760102 38.692935, -75.760024 38.692939, -75.759046 38.692974, -75.758419 38.693081, -75.758404 38.693077, -75.756306 38.692476, -75.756117 38.692416, -75.756815 38.691122, -75.756259 38.691251, -75.755048 38.691532, -75.754394 38.691684, -75.754327 38.691699, -75.75404 38.691476, -75.75399 38.691777, -75.753426 38.69091, -75.753424 38.690898, -75.753507 38.690526, -75.7536049 38.690259, -75.753782 38.688709, -75.753923 38.688242, -75.753019 38.688152, -75.752762 38.688154, -75.752744 38.688086, -75.752931 38.686523, -75.752832 38.686405, -75.751112 38.685365, -75.750445 38.684988, -75.7497719 38.684608, -75.751043 38.6844139, -75.751313 38.684373, -75.751246 38.684209, -75.750141 38.681499, -75.7505089 38.681342, -75.751581 38.682073, -75.751817 38.680318, -75.751892 38.680343, -75.752021 38.6804, -75.75241 38.680633, -75.752609 38.680732, -75.752881 38.680861, -75.754295 38.682264, -75.755571 38.683506, -75.756336 38.684236, -75.757862 38.684723, -75.759414 38.685363, -75.760032 38.685865, -75.76085 38.685644, -75.761917 38.685401, -75.76268 38.686222, -75.763038 38.686683, -75.763801 38.687488, -75.764633 38.688434, -75.765167 38.688575, -75.76548 38.6886129, -75.765724 38.688587, -75.76596 38.6885369, -75.766372 38.6883849, -75.76651 38.688304, -75.767677 38.688259, -75.768501 38.68785, -75.769111 38.687492, -75.768966 38.685821, -75.769096 38.685531, -75.769845 38.684224, -75.771573 38.681434, -75.772148 38.681304, -75.772428 38.6812479, -75.772905 38.678354, -75.773487 38.678341, -75.7735919 38.678038, -75.773672 38.677674, -75.773601 38.677234, -75.773205 38.676395, -75.773452 38.676399, -75.77381 38.676383, -75.774169 38.676395, -75.774911 38.67639, -75.7751849 38.676906, -75.774903 38.676906, -75.775017 38.678652, -75.775352 38.678675, -75.775253 38.679058, -75.775184 38.679336, -75.7747569 38.680973, -75.774673 38.681182, -75.77452 38.681449, -75.774154 38.682014, -75.773872 38.682926, -75.773236 38.683199, -75.772253 38.683547, -75.772147 38.683756, -75.77222 38.68387, -75.772464 38.683902, -75.772586 38.684042, -75.772781 38.68413, -75.77283 38.684301, -75.772651 38.68446, -75.772415 38.684783, -75.773245 38.6844729, -75.771627 38.685772, -75.771781 38.6859279, -75.773254 38.685062, -75.773262 38.6847, -75.773315 38.684558, -75.773495 38.684519, -75.773939 38.684339, -75.77412 38.684185, -75.774827 38.683812, -75.774992 38.683787, -75.775189 38.683697, -75.775304 38.683555, -75.7756 38.68344, -75.776061 38.683227, -75.776241 38.683144, -75.776932 38.682797, -75.777675 38.682543, -75.7778359 38.6824889, -75.778345 38.682412, -75.778944 38.682347, -75.780435 38.68226, -75.78189 38.682231, -75.782859 38.682376, -75.784165 38.682638, -75.784575 38.682813, -75.784687 38.682813, -75.784944 38.683026, -75.7822039 38.687415, -75.7817309 38.687539, -75.781387 38.687629, -75.781326 38.687782, -75.781379 38.687828, -75.781417 38.687942, -75.781684 38.689048, -75.781845 38.689655, -75.782012 38.690269, -75.782127 38.690681, -75.782442 38.690627, -75.7825639 38.691061, -75.782993 38.690992, -75.7830369 38.691269, -75.783348 38.691223, -75.783614 38.692042, -75.784457 38.691915, -75.784558 38.692439, -75.784751 38.692409, -75.784965 38.69226, -75.785064 38.692115, -75.785102 38.691986, -75.785927 38.691843, -75.78587 38.690769, -75.786643 38.690622, -75.7867 38.690416))', NULL, '8');
INSERT INTO PUBLIC.DELAWARE_ADMINISTRATIVE(DELAWARE_ADMINISTRATIVE_ID, THE_GEOM, NAME, ADMIN_LEVE) VALUES
(6.0000000000000000000, 'MULTILINESTRING ((-75.785017 39.595886, -75.7850349 39.597929, -75.785092 39.6040599, -75.785098 39.6047749, -75.785112 39.606104, -75.785112 39.606121, -75.785112 39.606175, -75.785113 39.606193, -75.785113 39.606195, -75.7851139 39.606204, -75.785115 39.606207, -75.7851139 39.606214, -75.785113 39.6062293, -75.785116 39.606246, -75.785118 39.606279, -75.785126 39.606378, -75.785129 39.606411, -75.785166 39.607542, -75.7852769 39.610938, -75.785315 39.61207, -75.785526 39.6139889, -75.786159 39.619746, -75.78637 39.621665, -75.786336 39.621676, -75.786069 39.621758, -75.785166 39.622038, -75.7848659 39.622132, -75.783822 39.622473, -75.780691 39.623497, -75.780604 39.623526, -75.779644 39.623827, -75.779511 39.623867, -75.779151 39.6239769, -75.779116 39.623988, -75.778985 39.624032, -75.778436 39.624211, -75.778376 39.624232, -75.776795 39.624759, -75.77678 39.6247649, -75.776251 39.62495, -75.7755789 39.625134, -75.775559 39.62514, -75.773833 39.62571, -75.773517 39.625815, -75.7728379 39.626044, -75.772606 39.625732, -75.77191 39.624796, -75.771903 39.624787, -75.771651 39.624507, -75.771573 39.624403, -75.771399 39.624063, -75.771291 39.623734, -75.771286 39.623713, -75.771181 39.62319, -75.771169 39.622014, -75.77116 39.621769, -75.771154 39.6217169, -75.771152 39.621697, -75.77113 39.621088, -75.771102 39.620271, -75.771117 39.620212, -75.770794 39.620208, -75.770649 39.62016, -75.770467 39.620101, -75.770369 39.620056, -75.77028 39.620026, -75.770137 39.620018, -75.769249 39.620026, -75.769057 39.620028, -75.768775 39.620039, -75.7686389 39.620036, -75.768231 39.620029, -75.768096 39.620027, -75.7681 39.619994, -75.768171 39.619834, -75.767901 39.619587, -75.767809 39.619433, -75.767799 39.619402, -75.767724 39.619153, -75.767539 39.619114, -75.767291 39.6191419, -75.76722 39.619136, -75.767156 39.6191249, -75.766872 39.619026, -75.766765 39.619043, -75.766609 39.619532, -75.766589 39.619543, -75.766431 39.61957, -75.766052 39.619397, -75.766019 39.619383, -75.765288 39.6192179, -75.765096 39.619092, -75.764947 39.618817, -75.764805 39.61874, -75.764337 39.618701, -75.764017 39.6188, -75.76381 39.618764, -75.763797 39.6187619, -75.763754 39.618712, -75.763478 39.618234, -75.763428 39.61819, -75.763321 39.618124, -75.763137 39.618047, -75.762981 39.617998, -75.76286 39.617987, -75.76264 39.618025, -75.762434 39.618118, -75.762299 39.618113, -75.761859 39.617838, -75.761724 39.617695, -75.761412 39.617179, -75.761213 39.61708, -75.760893 39.617058, -75.760247 39.616838, -75.760169 39.616772, -75.760056 39.616579, -75.759814 39.61631, -75.759817 39.616279, -75.759822 39.616233, -75.759985 39.616162, -75.7599989 39.6160799, -75.759751 39.615953, -75.759488 39.615876, -75.759176 39.615739, -75.759005 39.615695, -75.758778 39.615689, -75.758679 39.615634, -75.758651 39.615442, -75.7585579 39.615348, -75.758373 39.615276, -75.758303 39.615249, -75.758161 39.615041, -75.758196 39.614788, -75.758284 39.614569, -75.758417 39.614239, -75.758652 39.613917, -75.75873 39.613811, -75.758872 39.613558, -75.758884 39.613456, -75.758886 39.613437, -75.758822 39.613333, -75.75874 39.613269, -75.758439 39.613036, -75.758143 39.612844, -75.757938 39.612712, -75.757513 39.612437, -75.756238 39.611612, -75.755813 39.611338, -75.755508 39.611222, -75.7546629 39.610843, -75.75455 39.610784, -75.754508 39.6107609, -75.753918 39.610452, -75.753513 39.610364, -75.752917 39.610342, -75.752491 39.610364, -75.752263 39.610468, -75.751993 39.610649, -75.751667 39.610753, -75.7512409 39.610748, -75.751077 39.610698, -75.750864 39.610616, -75.750808 39.610506, -75.750836 39.610237, -75.750837 39.610196, -75.750851 39.609913, -75.750794 39.609682, -75.750674 39.609501, -75.750432 39.60955, -75.750212 39.60955, -75.749999 39.609489, -75.749861 39.6094719, -75.74974 39.60951, -75.749528 39.60968, -75.749521 39.609686, -75.74935 39.609758, -75.749009 39.609725, -75.748661 39.6097309, -75.748484 39.609791, -75.748129 39.610022, -75.748013 39.61002, -75.747831 39.610017, -75.747476 39.610022, -75.74739 39.610037, -75.747145 39.610449, -75.746977 39.610514, -75.746908 39.611173, -75.746401 39.612118, -75.745879 39.6124719, -75.7457249 39.612621, -75.7455978 39.612619, -75.7454361 39.612615, -75.7454487 39.612276, -75.744623 39.6121089, -75.743899 39.612039, -75.743645 39.61199, -75.743238 39.611983, -75.743181 39.611519, -75.7430679 39.611804, -75.743025 39.611865, -75.742701 39.612156, -75.742635 39.6122159, -75.742472 39.612447, -75.742039 39.612744, -75.741989 39.612947, -75.742003 39.613084, -75.742004 39.613244, -75.741691 39.613557, -75.741521 39.613848, -75.741302 39.614001, -75.74123 39.614052, -75.7410529 39.614244, -75.74079 39.614502, -75.740712 39.6145629, -75.74067 39.614589, -75.740547 39.614668, -75.740506 39.614695, -75.7403999 39.6146839, -75.740322 39.614728, -75.739853 39.6151399, -75.739598 39.615266, -75.7393 39.6155789, -75.738924 39.616118, -75.738654 39.616409, -75.738519 39.616491, -75.738313 39.616503, -75.738271 39.616525, -75.738086 39.616689, -75.7378449 39.6170029, -75.737696 39.617294, -75.737583 39.617607, -75.737601 39.617672, -75.737625 39.617755, -75.738023 39.6180949, -75.738038 39.6182329, -75.73747 39.619062, -75.736817 39.619425, -75.736214 39.6199579, -75.735937 39.620288, -75.735859 39.620639, -75.735746 39.620793, -75.735653 39.6208979, -75.735454 39.620936, -75.735178 39.620865, -75.734851 39.620871, -75.734212 39.621052, -75.733828 39.621041, -75.732941 39.621173, -75.7319179 39.621525, -75.731542 39.621602, -75.731222 39.62174, -75.730825 39.621894, -75.730746 39.621916, -75.7302349 39.621955, -75.730129 39.621987, -75.729894 39.62207, -75.729766 39.62213, -75.728986 39.622691, -75.728673 39.62296, -75.728389 39.623147, -75.727562 39.623462, -75.727381 39.623532, -75.727068 39.623581, -75.726387 39.6234279, -75.7263229 39.6234279, -75.7262159 39.623439, -75.725378 39.623708, -75.725179 39.62361, -75.725009 39.623467, -75.7249159 39.623467, -75.724853 39.623533, -75.724909 39.623659, -75.724917 39.623879, -75.724576 39.624439, -75.724534 39.624637, -75.724583 39.62478, -75.724662 39.624867, -75.724598 39.624922, -75.724624 39.625001, -75.724705 39.625092, -75.724717 39.625106, -75.724717 39.6252319, -75.724689 39.625485, -75.724518 39.625787, -75.724439 39.625882, -75.724433 39.625891, -75.724248 39.6261, -75.724185 39.626171, -75.724168 39.626187, -75.723913 39.626433, -75.723879 39.626468, -75.723818 39.626501, -75.723011 39.624967, -75.722972 39.624893, -75.721983 39.622938, -75.720673 39.620323, -75.720469 39.619916, -75.720204 39.619457, -75.719872 39.618901, -75.719817 39.618818, -75.719601 39.618494, -75.719326 39.618129, -75.719268 39.618052, -75.718802 39.617494, -75.718485 39.6171549, -75.71816 39.616817, -75.717883 39.616567, -75.717574 39.616298, -75.717477 39.616214, -75.716896 39.6157929, -75.7167769 39.615707, -75.716578 39.615578, -75.716064 39.615246, -75.7156059 39.614967, -75.715279 39.614768, -75.715133 39.614679, -75.714828 39.614491, -75.714367 39.614215, -75.714066 39.614031, -75.713741 39.613832, -75.713607 39.61375, -75.709629 39.611242, -75.708535 39.610546, -75.705777 39.608817, -75.704263 39.607858, -75.700838 39.605733, -75.6944649 39.601761, -75.69283 39.600737, -75.69204 39.600239, -75.691888 39.600162, -75.691761 39.600079, -75.691653 39.59999, -75.6915439 39.5998779, -75.691359 39.599615, -75.691469 39.599474, -75.692142 39.5988619, -75.692457 39.598577, -75.692637 39.598414, -75.694524 39.596651, -75.694534 39.59664, -75.695233 39.595995, -75.695335 39.595903, -75.69546 39.595792, -75.695503 39.5957549, -75.695696 39.59559, -75.696036 39.595348, -75.696223 39.595225, -75.696417 39.595125, -75.696895 39.594848, -75.697913 39.594259, -75.698904 39.593701, -75.699106 39.5935879, -75.699433 39.59342, -75.699595 39.593361, -75.69983 39.593257, -75.699856 39.593246, -75.700185 39.593116, -75.700658 39.59295, -75.700928 39.592857, -75.7015 39.592658, -75.702149 39.592443, -75.702492 39.5923299, -75.702748 39.592239, -75.7038759 39.591855, -75.7042699 39.59173, -75.704564 39.591632, -75.705193 39.591461, -75.705843 39.5912999, -75.706446 39.591152, -75.707093 39.590979, -75.707362 39.590909, -75.707995 39.590748, -75.708172 39.590704, -75.708293 39.590675, -75.708446 39.5906499, -75.708517 39.590643, -75.708639 39.59062, -75.7093639 39.590554, -75.7096192 39.590485, -75.710044 39.590494, -75.711001 39.590413, -75.711646 39.590358, -75.712127 39.590312, -75.713048 39.590227, -75.713268 39.590206, -75.7139289 39.590147, -75.71415 39.590128, -75.71466 39.590085, -75.716192 39.58996, -75.716703 39.589918, -75.716703 39.589916, -75.716848 39.589905, -75.717313 39.589864, -75.71791 39.589816, -75.718316 39.589773, -75.7200469 39.589592, -75.722716 39.589328, -75.723586 39.589243, -75.7241839 39.589194, -75.724313 39.58918, -75.724704 39.589141, -75.724834 39.589128, -75.725253 39.589084, -75.726513 39.5889529, -75.726933 39.58891, -75.727372 39.588865, -75.72807 39.588789, -75.729433 39.588642, -75.731351 39.588451, -75.731482 39.588439, -75.7322159 39.588375, -75.732621 39.588337, -75.732982 39.588303, -75.733582 39.588248, -75.734065 39.588202, -75.734414 39.588169, -75.734977 39.5881, -75.735272 39.588063, -75.73616 39.587955, -75.736456 39.587919, -75.736608 39.587901, -75.737064 39.587851, -75.737217 39.587834, -75.737846 39.587763, -75.739735 39.587551, -75.740205 39.587499, -75.740525 39.587503, -75.741354 39.587485, -75.741519 39.587507, -75.741869 39.587555, -75.742218 39.587807, -75.742394 39.588054, -75.742446 39.588325, -75.742417 39.588588, -75.742172 39.588939, -75.74198 39.5891779, -75.741672 39.589562, -75.741531 39.589821, -75.741573 39.589821, -75.741683 39.589849, -75.741771 39.5898619, -75.741872 39.589863, -75.741972 39.589848, -75.742212 39.589803, -75.744254 39.589441, -75.744935 39.589321, -75.745726 39.589184, -75.748103 39.588776, -75.748895 39.58864, -75.749319 39.588564, -75.750591 39.588339, -75.750851 39.588294, -75.751015 39.588262, -75.751452 39.588207, -75.751455 39.588206, -75.752766 39.587978, -75.753204 39.587902, -75.753523 39.5878469, -75.753804 39.587767, -75.754074 39.587665, -75.754338 39.587522, -75.755623 39.58683, -75.755781 39.58673, -75.756242 39.586476, -75.756766 39.586193, -75.756914 39.586149, -75.757318 39.585906, -75.757492 39.585772, -75.757579 39.585706, -75.75791 39.585334, -75.758329 39.584907, -75.7585299 39.584693, -75.759054 39.584264, -75.759461 39.583932, -75.7602859 39.58325, -75.760701 39.582916, -75.760966 39.582714, -75.7611979 39.58255, -75.761342 39.5824659, -75.761503 39.582375, -75.762103 39.582065, -75.7622109 39.582039, -75.762461 39.581918, -75.763015 39.581624, -75.763415 39.581413, -75.763814 39.581198, -75.76409 39.581021, -75.764195 39.580938, -75.764577 39.580734, -75.765373 39.580339, -75.765396 39.5803299, -75.766015 39.580115, -75.766142 39.580075, -75.7662579 39.58006, -75.7663819 39.57999, -75.766867 39.579805, -75.767978 39.579383, -75.7686 39.579136, -75.76872 39.579095, -75.7692469 39.578919, -75.769346 39.578881, -75.769491 39.578812, -75.7700289 39.578631, -75.771161 39.578252, -75.772105 39.577946, -75.772136 39.577937, -75.772808 39.5777519, -75.773176 39.577642, -75.7734 39.57756, -75.773525 39.577503, -75.77364 39.5774339, -75.773742 39.577353, -75.773826 39.577271, -75.773893 39.577187, -75.773984 39.577052, -75.774073 39.576904, -75.774174 39.576717, -75.774355 39.576351, -75.774382 39.576299, -75.774457 39.5761619, -75.774525 39.576048, -75.774568 39.575989, -75.774716 39.575788, -75.774787 39.575712, -75.774868 39.57564, -75.776954 39.5744029, -75.777732 39.573981, -75.777875 39.573911, -75.778736 39.573606, -75.780223 39.573056, -75.780773 39.572853, -75.781464 39.57261, -75.7817309 39.5725229, -75.7823559 39.572296, -75.782349 39.573246, -75.782329 39.5760999, -75.782323 39.577051, -75.7825919 39.579408, -75.783401 39.58648, -75.783604 39.588247, -75.783663 39.588839, -75.783695 39.589163, -75.783794 39.5901349, -75.783827 39.590459, -75.784065 39.591544, -75.784779 39.5948, -75.785017 39.595886))', NULL, NULL);
INSERT INTO PUBLIC.DELAWARE_ADMINISTRATIVE(DELAWARE_ADMINISTRATIVE_ID, THE_GEOM, NAME, ADMIN_LEVE) VALUES
(7.0000000000000000000, 'MULTILINESTRING ((-75.785648 39.0395309, -75.785578 39.040765, -75.784965 39.040722, -75.784623 39.040689, -75.784388 39.040693, -75.7834419 39.040176, -75.783652 39.039351, -75.783902 39.038296, -75.784103 39.037455, -75.784137 39.037369, -75.784192 39.037229, -75.78415 39.037218, -75.782821 39.036872, -75.780113 39.036193, -75.778138 39.035678, -75.778189 39.035475, -75.778139 39.035151, -75.777939 39.034827, -75.777865 39.034403, -75.778014 39.033904, -75.778139 39.033654, -75.778214 39.033355, -75.777914 39.032881, -75.777715 39.032457, -75.777615 39.031859, -75.778014 39.030911, -75.7782639 39.029963, -75.778912 39.028791, -75.779835 39.027219, -75.780933 39.025922, -75.782304 39.0263459, -75.783028 39.026147, -75.785422 39.026197, -75.785572 39.026271, -75.78627 39.026172))', NULL, '8'),
(8.0000000000000000000, 'MULTILINESTRING ((-75.765846 39.376858, -75.761948 39.331646, -75.759438 39.296295, -75.755585 39.246574, -75.761909 39.247585, -75.770241 39.24725, -75.775032 39.245502, -75.783371 39.244713, -75.786118 39.379848, -75.783676 39.382534, -75.777214 39.378819, -75.765846 39.376858))', 'Kent County', NULL),
(9.0000000000000000000, 'MULTILINESTRING ((-75.775009 39.4830169, -75.765846 39.376858, -75.777214 39.378819, -75.783676 39.382534, -75.786118 39.379848))', 'Cecil County', NULL),
(10.0000000000000000000, 'MULTILINESTRING ((-75.783714 38.502186, -75.778358 38.504829, -75.7671359 38.506939, -75.756401 38.513134, -75.753105 38.528046, -75.751259 38.531193, -75.745239 38.537003, -75.740486 38.538746, -75.736992 38.537338, -75.728111 38.539478, -75.723946 38.541683, -75.717354 38.546574, -75.71077 38.55101, -75.708885 38.555973, -75.708771 38.560501, -75.705208 38.56181, -75.702034 38.562237, -75.69783 38.5064009, -75.694168 38.459274, -75.570755 38.45578, -75.46167 38.4534949, -75.339378 38.451225, -75.33831 38.447578))', 'Wicomico County', NULL),
(11.0000000000000000000, 'MULTILINESTRING ((-75.77491 38.676132, -75.77253 38.677006, -75.771866 38.680168, -75.771233 38.681973, -75.770615 38.683327, -75.767021 38.685539, -75.764069 38.685951, -75.762291 38.686382, -75.747986 38.668049, -75.7468109 38.66803, -75.745644 38.667561, -75.743896 38.66663, -75.7392349 38.664295, -75.70948 38.637104, -75.706917 38.59763, -75.7036059 38.579014, -75.702034 38.562237, -75.705208 38.56181, -75.708771 38.560501, -75.708885 38.555973, -75.71077 38.55101, -75.717354 38.546574, -75.723946 38.541683, -75.728111 38.539478, -75.736992 38.537338, -75.740486 38.538746, -75.745239 38.537003, -75.751259 38.531193, -75.753105 38.528046, -75.756401 38.513134, -75.7671359 38.506939, -75.778358 38.504829, -75.783714 38.502186))', 'Dorchester County', NULL),
(12.0000000000000000000, 'MULTILINESTRING ((-75.783371 39.244713, -75.775032 39.245502, -75.770241 39.24725, -75.761909 39.247585, -75.755585 39.246574, -75.7503739 39.183956, -75.747185 39.144016, -75.750763 39.1431619, -75.75856 39.139645, -75.770508 39.136185))', 'Queen Anne''s County', NULL),
(13.0000000000000000000, 'MULTILINESTRING ((-75.59726 39.83786, -75.595474 39.83815, -75.51519 39.83807, -75.501442 39.835102, -75.487686 39.831398, -75.470879 39.827007, -75.454727 39.821495, -75.441521 39.816479, -75.424805 39.808334, -75.422501 39.807232, -75.4143519 39.803333, -75.405334 39.797176, -75.410103 39.795326, -75.419647 39.792084, -75.424797 39.789692, -75.425606 39.789333, -75.430809 39.7870289, -75.432098 39.786053, -75.435104 39.783806, -75.442215 39.778767, -75.449318 39.77282, -75.452873 39.7700729, -75.455231 39.767334, -75.457611 39.766411, -75.459984 39.764576, -75.461754 39.762749, -75.462914 39.760021, -75.464676 39.75729, -75.465836 39.754559, -75.467575 39.750465, -75.46991 39.7463679, -75.472252 39.742722, -75.474007 39.739536, -75.476349 39.735889, -75.477509 39.733162, -75.478065 39.729984, -75.478622 39.727257, -75.479767 39.7231669, -75.479729 39.720448, -75.480301 39.718632, -75.480881 39.717266, -75.482056 39.715897, -75.483849 39.715885, -75.485046 39.715874, -75.488045 39.716301, -75.489243 39.716747, -75.491035 39.716282, -75.492203 39.714458, -75.492775 39.712639, -75.495392 39.708569, -75.495926 39.707729, -75.498039 39.704437, -75.499275 39.703007, -75.50322 39.699997, -75.50573 39.698483, -75.507492 39.696201, -75.508652 39.69347, -75.509201 39.689838, -75.5097119 39.686207, -75.510284 39.682125, -75.5108489 39.6798519, -75.511391 39.675766, -75.511948 39.673042, -75.513702 39.670311, -75.51606 39.667568, -75.518433 39.665264, -75.520775 39.662998, -75.523087 39.661205, -75.525497 39.659332, -75.52726 39.657051, -75.52903 39.6552239, -75.53019 39.652946, -75.53196 39.651119, -75.533134 39.650204, -75.533722 39.649292, -75.537277 39.647449, -75.541443 39.646053, -75.544411 39.644215, -75.546776 39.642384, -75.5485379 39.6405559, -75.550308 39.639179, -75.553268 39.637341, -75.555626 39.635056, -75.557381 39.63232, -75.558533 39.629589, -75.559441 39.627449, -75.560265 39.625496, -75.559601 39.620968, -75.557739 39.614719, -75.555832 39.608303, -75.555168 39.606613, -75.554588 39.605141, -75.5527649 39.60289, -75.549141 39.600201, -75.544334 39.597973, -75.541931 39.596634, -75.539513 39.596195, -75.5371399 39.595768, -75.535332 39.5944209, -75.5347139 39.593067, -75.534698 39.591709, -75.532875 39.589909, -75.531654 39.588108, -75.529839 39.586761, -75.527435 39.585423, -75.523247 39.584549, -75.519051 39.583675, -75.5154419 39.58144, -75.513023 39.5791929, -75.511192 39.576035, -75.510544 39.572865, -75.511093 39.5692329, -75.51226 39.567219, -75.514008 39.564224, -75.515152 39.561039, -75.516907 39.558304, -75.518776 39.5558819, -75.520424 39.553741, -75.522781 39.551456, -75.526321 39.548706, -75.530464 39.545952, -75.532227 39.544125, -75.532784 39.541401, -75.532166 39.540047, -75.530945 39.5382419, -75.5288999 39.537231, -75.527344 39.536457, -75.5267329 39.535557, -75.52668 39.531929, -75.527206 39.526939, -75.528351 39.523304, -75.528313 39.521038, -75.52829 39.519222, -75.527672 39.517868, -75.528236 39.515598, -75.529396 39.513321, -75.529976 39.511955, -75.530533 39.509232, -75.529907 39.506969, -75.529297 39.5060689, -75.527939 39.503078, -75.526833 39.500648, -75.52877 39.499809, -75.530365 39.499115, -75.532166 39.498337, -75.543167 39.497818, -75.553894 39.49736, -75.558975 39.497356, -75.561646 39.497356, -75.563377 39.494198, -75.564621 39.491917, -75.566635 39.486084, -75.567596 39.483299, -75.567589 39.479675, -75.562218 39.470612, -75.553894 39.461246, -75.550797 39.458256, -75.541756 39.4506609, -75.549095 39.447044, -75.558617 39.442055, -75.5580219 39.436615, -75.553848 39.431633, -75.543716 39.427555, -75.538353 39.421665, -75.537163 39.418945, -75.536568 39.413052, -75.533585 39.409882, -75.528824 39.408974, -75.526443 39.406708, -75.524055 39.400818, -75.528221 39.398552, -75.532394 39.398548, -75.537155 39.399002, -75.541916 39.39764, -75.542511 39.397186, -75.540726 39.3953739, -75.534767 39.393562, -75.530006 39.39447, -75.526436 39.394924, -75.52346 39.393112, -75.521675 39.389034, -75.516907 39.384048, -75.513336 39.379967, -75.512741 39.376793, -75.516907 39.369995, -75.514526 39.365463, -75.518692 39.360477, -75.5216669 39.359116, -75.523445 39.360023, -75.526421 39.359116, -75.528206 39.356846, -75.5276109 39.355488, -75.5276109 39.352768, -75.530586 39.353222, -75.532372 39.353672, -75.533562 39.352768, -75.535347 39.350952, -75.53653 39.350952, -75.537727 39.35186, -75.5383219 39.353218, -75.539513 39.354126, -75.541893 39.35503, -75.543076 39.353218, -75.543671 39.35231, -75.5442659 39.350498, -75.545456 39.350498, -75.546051 39.351402, -75.547241 39.35231, -75.5484309 39.353214, -75.550217 39.353668, -75.553192 39.35276, -75.553787 39.351852, -75.553192 39.349586, -75.553192 39.348679, -75.552597 39.347775, -75.553192 39.347321, -75.554382 39.347321, -75.5549769 39.347775, -75.556168 39.347771, -75.557945 39.346867, -75.5585399 39.345505, -75.559135 39.344597, -75.559135 39.343693, -75.5585399 39.3418769, -75.557343 39.338707, -75.557343 39.335987, -75.559128 39.334171, -75.560913 39.333717, -75.563881 39.333263, -75.565071 39.331451, -75.568047 39.328728, -75.568039 39.323288, -75.573982 39.317848, -75.57576 39.311954, -75.584084 39.310135, -75.587051 39.310585, -75.59597 39.310127, -75.606674 39.310116, -75.614998 39.310108, -75.622131 39.308289, -75.625099 39.305569, -75.632225 39.302841, -75.639359 39.30238, -75.643517 39.298748, -75.646484 39.2978359, -75.650047 39.293755, -75.658958 39.293289, -75.6678699 39.290558, -75.67382 39.291458, -75.679169 39.291904, -75.683334 39.295071, -75.686913 39.297783, -75.713676 39.299099, -75.759438 39.296295, -75.761948 39.331646, -75.765846 39.376858, -75.775009 39.4830169, -75.77227 39.723064, -75.769974 39.730991, -75.766197 39.739311, -75.76107 39.747784, -75.755112 39.755959, -75.747597 39.765331, -75.737831 39.775032, -75.726784 39.784538, -75.72403 39.786579, -75.717651 39.791229, -75.705582 39.799118, -75.692818 39.807411, -75.677521 39.81559, -75.666122 39.82003, -75.646965 39.826839, -75.646362 39.8270259, -75.630806 39.831406, -75.614639 39.835049, -75.59726 39.83786))', 'New Castle County', NULL);
CREATE CACHED TABLE PUBLIC.DELAWARE_COASTLINE(
    DELAWARE_COASTLINE_ID DECIMAL(38, 19) NOT NULL,
    THE_GEOM GEOMETRY,
    "NATURAL" VARCHAR(9),
    NAME VARCHAR(10)
);
ALTER TABLE PUBLIC.DELAWARE_COASTLINE ADD CONSTRAINT PUBLIC.DELAWARE_COASTLINE_PK PRIMARY KEY(DELAWARE_COASTLINE_ID);
-- 138 +/- SELECT COUNT(*) FROM PUBLIC.DELAWARE_COASTLINE;
INSERT INTO PUBLIC.DELAWARE_COASTLINE(DELAWARE_COASTLINE_ID, THE_GEOM, "NATURAL", NAME) VALUES
(1.0000000000000000000, 'MULTILINESTRING ((-75.7706574 38.547274, -75.7732792 38.5477703, -75.7749238 38.5486588, -75.7750991 38.5496851, -75.7746437 38.553027, -75.7739895 38.5530313, -75.7736736 38.5540608, -75.7717263 38.5554857, -75.7678057 38.5558973, -75.7676591 38.5574392, -75.7684886 38.5585891, -75.769144 38.5587136, -75.771468 38.5619085, -75.7721234 38.562033, -75.7721317 38.5628034, -75.7757313 38.5629075, -75.7788628 38.5650705, -75.7792508 38.5707182, -75.7800874 38.5725104, -75.7807418 38.5725061, -75.7807473 38.5730198, -75.7814016 38.5730154, -75.7814073 38.5735291, -75.7853372 38.5738875, -75.786313 38.5733674))', 'shoreline', NULL),
(2.0000000000000000000, 'MULTILINESTRING ((-75.7856727 38.5746558, -75.7830625 38.5753158, -75.7830569 38.5748023, -75.782404 38.5749346, -75.7791145 38.5732874, -75.7791062 38.5725171, -75.7784518 38.5725214, -75.7772796 38.5699607, -75.7774261 38.5684188, -75.7780803 38.5684144, -75.7782251 38.5666157, -75.7770575 38.5645687, -75.7711559 38.5633235, -75.7701582 38.561789, -75.7695041 38.5617934, -75.7688333 38.5602568, -75.7675196 38.5597518, -75.7671817 38.5587267, -75.7661975 38.5584762, -75.7660155 38.5566794, -75.7681204 38.554739, -75.7720396 38.5541995, -75.7741263 38.5504621, -75.7736213 38.5491812, -75.7654316 38.5479508, -75.7652661 38.5476951))', 'shoreline', NULL),
(3.0000000000000000000, 'MULTILINESTRING ((-75.7533091 38.5145114, -75.754279 38.5134777, -75.7552584 38.5133436, -75.7581437 38.5079312, -75.7615598 38.5063682, -75.7610609 38.5056008, -75.7633421 38.5049435, -75.7639875 38.5041686, -75.779969 38.5009813, -75.780289 38.5003376, -75.7809426 38.500333, -75.7809371 38.4998195, -75.7815906 38.4998152, -75.7831968 38.4972359, -75.7838505 38.4972315, -75.7844903 38.4959431))', 'shoreline', NULL),
(4.0000000000000000000, 'MULTILINESTRING ((-75.7829311 38.5028883, -75.7826127 38.503661, -75.779357 38.5048379, -75.7672805 38.5064587, -75.762725 38.5084152, -75.7627303 38.5089289, -75.7620766 38.5089331, -75.7620821 38.5094468, -75.7611042 38.5097099, -75.7607881 38.5107394, -75.7598103 38.5110027, -75.7591699 38.5122909, -75.7585162 38.5122951, -75.757876 38.5135835, -75.7572223 38.5135878, -75.7572357 38.5148719, -75.756582 38.514876, -75.7558592 38.5238702, -75.7602911 38.5256394, -75.7602966 38.5261529, -75.761771 38.5264003, -75.7619394 38.5269129, -75.763251 38.5272892, -75.7660783 38.5317658, -75.7656173 38.534594, -75.7649634 38.5345984, -75.7649715 38.5353687, -75.7620382 38.5362863, -75.7571348 38.536447, -75.7569774 38.5369618, -75.7574754 38.537729, -75.7584576 38.5378507, -75.7597817 38.5393831, -75.760437 38.5395076, -75.7607749 38.5405328, -75.7614302 38.5406566, -75.7650885 38.5464119, -75.7706574 38.547274))', 'shoreline', NULL),
(5.0000000000000000000, 'MULTILINESTRING ((-75.5727999 39.4385517, -75.5744306 39.4374911, -75.575289 39.439082, -75.5743449 39.4401426, -75.57074 39.4426614, -75.5727999 39.4447162, -75.5751173 39.4445836, -75.5782931 39.4460418, -75.5821555 39.4520068, -75.586962 39.4565796, -75.5907385 39.461616, -75.5927126 39.47023, -75.593056 39.4757291, -75.592026 39.4814928, -75.5883353 39.4909655, -75.5853312 39.4980525, -75.5811255 39.5030197, -75.5740874 39.5122907, -75.57074 39.5233481, -75.5687659 39.5435383, -75.565676 39.5589583, -75.6093638 39.5523407, -75.6210368 39.551348, -75.635113 39.5542597, -75.6417629 39.5540535, -75.6456939 39.5535108, -75.6478568 39.5529284, -75.6507579 39.5517901, -75.6512558 39.5507974, -75.6522791 39.5503553, -75.6591951 39.5468132, -75.6600019 39.5467206, -75.661976 39.5456352, -75.6624567 39.5452778, -75.663787 39.5445629, -75.6641304 39.5444968, -75.6652031 39.5443511, -75.6658298 39.5441989, -75.6665165 39.5440467, -75.6670486 39.5440202, -75.6681215 39.5440996, -75.6710997 39.5435304, -75.6822063 39.5416176, -75.6864396 39.5413541, -75.6994859 39.5418836, -75.7121889 39.5428764, -75.7247201 39.5408907, -75.7563059 39.5387726, -75.7681506 39.5349996, -75.7740728 39.5336756, -75.7809393 39.5346686))', 'shoreline', NULL);
INSERT INTO PUBLIC.DELAWARE_COASTLINE(DELAWARE_COASTLINE_ID, THE_GEOM, "NATURAL", NAME) VALUES
(6.0000000000000000000, 'MULTILINESTRING ((-75.7715319 39.5365272, -75.7583116 39.5407229, -75.7381367 39.5420114, -75.7162273 39.5443282, -75.7145758 39.5449808, -75.7145811 39.5454943, -75.7069657 39.5468249, -75.706971 39.5473384, -75.7049782 39.5470937, -75.7046504 39.5474805, -75.7031065 39.5475304, -75.7026537 39.5468509, -75.7033199 39.5471039, -75.7030987 39.5467601, -75.7039742 39.5462006, -75.7102628 39.5448784, -75.7105905 39.5444917, -75.7026279 39.5442832, -75.7026228 39.5437697, -75.6853677 39.5429735, -75.6645075 39.5466898, -75.6579054 39.5500657, -75.6569104 39.5500714, -75.6569164 39.5507137, -75.656253 39.5507174, -75.6559287 39.5514895, -75.6552628 39.5512365, -75.6552678 39.5517502, -75.6513558 39.553168, -75.6503126 39.5539604, -75.6478397 39.5547682, -75.6439516 39.5556748, -75.6370594 39.5564358, -75.6344844 39.5563564, -75.6271545 39.5549005, -75.6267254 39.5549468, -75.624365 39.5545233, -75.6238929 39.5543248, -75.6216103 39.554186, -75.6182629 39.5540934, -75.6167179 39.5542522, -75.6152159 39.554636, -75.613628 39.5548015, -75.6127096 39.5547485, -75.6096627 39.5551853, -75.607946 39.5557279, -75.6064011 39.5559596, -75.6050278 39.5558735, -75.5995947 39.5567735, -75.5972172 39.5577331, -75.5963331 39.5585271, -75.5952886 39.5590063, -75.5925022 39.5628725, -75.5908228 39.5695176, -75.5899302 39.5736461))', 'shoreline', NULL),
(7.0000000000000000000, 'MULTILINESTRING ((-75.7652661 38.5476951, -75.7650966 38.5471825))', 'shoreline', NULL),
(8.0000000000000000000, 'MULTILINESTRING ((-75.7650966 38.5471825, -75.7641155 38.547189, -75.7607938 38.5423305, -75.7591507 38.5415708, -75.7588129 38.5405456, -75.7578292 38.5402952, -75.7571618 38.5390153, -75.7555188 38.5382553, -75.7551756 38.5367165, -75.7564808 38.5364513, -75.7571253 38.5355477, -75.7633338 38.5351226, -75.7633285 38.5346089, -75.7639824 38.5346046, -75.7642958 38.5333185, -75.7649497 38.5333141, -75.7635984 38.5292136, -75.7567326 38.5292582, -75.7557731 38.531319, -75.7551193 38.5313232, -75.7551246 38.5318369, -75.749912 38.5336683, -75.7492713 38.5349565, -75.7486173 38.5349609, -75.7476604 38.5372784, -75.7453835 38.5384483, -75.7434268 38.5389745, -75.7326283 38.538272, -75.7251346 38.5410159, -75.7251397 38.5415295, -75.7244858 38.5415335, -75.7238445 38.5428218, -75.7231906 38.5428257, -75.7225493 38.5441139, -75.7218953 38.5441179, -75.7205372 38.5458168))', 'shoreline', NULL),
(9.0000000000000000000, 'MULTILINESTRING ((-75.7191639 38.5448098, -75.7192766 38.5438773, -75.7209003 38.542711, -75.7215529 38.5425791, -75.72154 38.541295, -75.7225198 38.5411601, -75.7231622 38.5400007, -75.7247933 38.539605, -75.7251138 38.5389612, -75.7309802 38.5369981, -75.7437353 38.5371746, -75.746163 38.5347195, -75.7471094 38.5313746, -75.7495263 38.5280202, -75.7503416 38.5277583, -75.7516094 38.5238976, -75.7514319 38.5226144, -75.7524126 38.5226082, -75.7522043 38.5182432, -75.7512157 38.5174791, -75.7510356 38.5159391, -75.7520176 38.5160609, -75.7526566 38.5146445, -75.7533091 38.5145114))', 'shoreline', NULL),
(10.0000000000000000000, 'MULTILINESTRING ((-75.7205372 38.5458168, -75.7199589 38.5466983, -75.7189778 38.5467044, -75.7183338 38.5477356, -75.7170284 38.5480005, -75.7170335 38.5485141, -75.7157304 38.5490357, -75.7147619 38.5503258, -75.7137808 38.5503319, -75.711844 38.5529121, -75.7111898 38.5529161, -75.7112025 38.5542001, -75.7105483 38.5542041, -75.7100761 38.5560049, -75.710249 38.5570311, -75.7095949 38.5570351, -75.7079897 38.560127, -75.700805 38.5613254, -75.6991634 38.5606936, -75.6994854 38.560178, -75.6988313 38.560182, -75.6988262 38.5596683, -75.6971882 38.5594212, -75.697181 38.5586507, -75.6952097 38.5577631, -75.6935743 38.5577728, -75.6926006 38.558549, -75.6919451 38.558425, -75.6916253 38.5591973, -75.690322 38.5597187, -75.6887085 38.5620398, -75.6875692 38.5625602))', 'shoreline', NULL),
(11.0000000000000000000, 'MULTILINESTRING ((-75.6828293 38.5629727, -75.685108 38.5618042, -75.6886595 38.5569034, -75.6893149 38.5570274, -75.6901296 38.5566378, -75.6902851 38.5558663, -75.6942099 38.5558431, -75.694215 38.5563568, -75.6971623 38.556724, -75.7011146 38.5595258, -75.7024242 38.5596467, -75.7024293 38.5601604, -75.7053643 38.5592434, -75.7063342 38.5580822, -75.7069884 38.5580782, -75.7085733 38.5529319, -75.7092274 38.552928, -75.709379 38.5516428, -75.7101934 38.551381, -75.7100254 38.5508684, -75.7114777 38.5489328, -75.7121305 38.548801, -75.7121254 38.5482873, -75.7127795 38.5482833, -75.7131001 38.5476388, -75.7137529 38.5475069, -75.7140698 38.5464776, -75.7185225 38.5449966, -75.7191639 38.5448098))', 'shoreline', NULL);
INSERT INTO PUBLIC.DELAWARE_COASTLINE(DELAWARE_COASTLINE_ID, THE_GEOM, "NATURAL", NAME) VALUES
(12.0000000000000000000, 'MULTILINESTRING ((-75.6875692 38.5625602, -75.6870878 38.5635904, -75.6861063 38.5635961, -75.6861112 38.5641098, -75.684156 38.5648916, -75.683836 38.5656641, -75.6799276 38.5674847, -75.6792855 38.5687726, -75.6786312 38.5687764, -75.6779867 38.5698075, -75.6773324 38.5698113, -75.6766877 38.5708423, -75.6757087 38.5711048, -75.6753912 38.5721341, -75.6744121 38.5723967, -75.6737699 38.5736845, -75.6724635 38.5739487, -75.6718189 38.5749799, -75.6711645 38.5749837, -75.670044 38.5775584, -75.6707627 38.5844888, -75.6699776 38.5880891, -75.6683462 38.5886121, -75.6683511 38.5891258, -75.6621409 38.5899317, -75.6610056 38.5909653, -75.6597437 38.5961094, -75.6544133 38.6038444, -75.6534336 38.6041067, -75.6527907 38.6053944, -75.6508351 38.6063038, -75.6485509 38.607087, -75.6456108 38.6077457, -75.6446633 38.6116036, -75.6440088 38.6116072, -75.6430451 38.6136673, -75.6404413 38.6153505, -75.6326065 38.6178334, -75.632611 38.6183471, -75.6303238 38.6188731, -75.6296781 38.6199039, -75.6286983 38.620166, -75.6280548 38.6214537, -75.6270737 38.6215868, -75.6239854 38.6240438, -75.6233663 38.6281565, -75.622556 38.6291881, -75.618313 38.6307517, -75.6183218 38.6317789, -75.617667 38.6317825, -75.6178401 38.632809, -75.6170342 38.6343543, -75.616054 38.6346162, -75.6160584 38.6351299, -75.6150782 38.6353919, -75.6150828 38.6359056, -75.6144279 38.635909, -75.6134674 38.6384824, -75.6115126 38.639648, -75.6088983 38.640304, -75.608896 38.6400473, -75.6092236 38.6400456, -75.6092213 38.6397888, -75.612485 38.6384874, -75.6127993 38.6369449, -75.6137817 38.6369396, -75.6140981 38.6356538, -75.6147529 38.6356504, -75.6150695 38.6343644, -75.6157244 38.6343611, -75.6162073 38.6333312, -75.617023 38.6330699, -75.6173285 38.6305002, -75.6184706 38.6299804, -75.6186294 38.629466, -75.6215706 38.6288077))', 'shoreline', NULL),
(13.0000000000000000000, 'MULTILINESTRING ((-75.6826674 38.5631026, -75.6828293 38.5))', 'shoreline', NULL),
(14.0000000000000000000, 'MULTILINESTRING ((-75.6215706 38.6288077, -75.6218923 38.6281643, -75.6225471 38.6281609, -75.6218679 38.6253393, -75.6225228 38.6253357, -75.622182 38.6237965, -75.6228369 38.6237931, -75.6247821 38.6215992, -75.6260871 38.6210785, -75.6293328 38.6178511, -75.6407548 38.6138077, -75.6414016 38.6129056, -75.6420562 38.6129022, -75.6436448 38.6074998, -75.6449518 38.6072358, -75.644947 38.6067221, -75.6456017 38.6067185, -75.645597 38.6062048, -75.6508233 38.6050198, -75.6514677 38.6038608, -75.6527767 38.6038534, -75.6530924 38.6025675, -75.6537471 38.6025639, -75.6540627 38.6012779, -75.6547171 38.6012743, -75.6550328 38.5999884, -75.6556873 38.5999846, -75.656003 38.5986987, -75.6566575 38.5986951, -75.6566458 38.5974108, -75.6573003 38.5974072, -75.6572885 38.5961232, -75.6579431 38.5961194, -75.6579313 38.5948353, -75.6585858 38.5948317, -75.6595301 38.5907168, -75.6601845 38.5907132, -75.6601727 38.5894292, -75.6621315 38.5889043, -75.6621268 38.5883908, -75.6663817 38.5884945, -75.6689935 38.587838, -75.6683985 38.5765405, -75.6700105 38.5739629, -75.6708255 38.5737013, -75.6724348 38.5708669, -75.6730891 38.570863, -75.6730819 38.5700926, -75.6737363 38.570089, -75.6738931 38.5693174, -75.6733947 38.5685499, -75.6727404 38.5685535, -75.673064 38.5681661, -75.6725656 38.5672704, -75.6727094 38.5652148, -75.6717221 38.5645781, -75.6700854 38.5644593, -75.6697654 38.5652319, -75.6691111 38.5652354, -75.6684949 38.5693484, -75.6679523 38.5692632, -75.6678145 38.5665271, -75.6684687 38.5665233, -75.668452 38.5647255, -75.6691063 38.5647219, -75.6700793 38.563817, -75.6723702 38.5639327, -75.6723751 38.5644464, -75.6738548 38.5652082, -75.6740513 38.5688028, -75.6756858 38.5686647, -75.6769812 38.5672449, -75.6776353 38.567241, -75.6782764 38.5658243, -75.679581 38.565432, -75.6797404 38.5649174, -75.6826674 38.5631026))', 'shoreline', NULL),
(15.0000000000000000000, 'MULTILINESTRING ((-75.6376341 39.6907734, -75.637309 39.6915456, -75.6379737 39.6915418, -75.6386598 39.6938491, -75.637995 39.6938529, -75.6380068 39.6951368, -75.6363496 39.6956593, -75.6363566 39.6964297, -75.6340346 39.6969561, -75.6337093 39.6977282, -75.631715 39.6977391, -75.6313942 39.6990247, -75.6284073 39.6995545, -75.6284025 39.699041, -75.6277376 39.6990446, -75.6284118 39.700068, -75.6270822 39.7000752, -75.6274099 39.69956, -75.626966 39.6997308, -75.6234188 39.6993247, -75.6230656 39.6970155, -75.6237303 39.6970119, -75.6237212 39.6959846, -75.623054 39.6957316, -75.6222513 39.6988174, -75.6229794 39.700009, -75.6217613 39.6998471, -75.6217429 39.6977928, -75.6204133 39.6978, -75.6197645 39.699601, -75.6190998 39.6996046, -75.6174721 39.7034651, -75.6168072 39.7034685, -75.6150023 39.7060461, -75.6151724 39.7065586, -75.6145075 39.7065622, -75.6133446 39.7079856, -75.6123403 39.708778, -75.6114391 39.7095307, -75.6084179 39.7108513, -75.6069265 39.7110785))', 'shoreline', NULL);
CREATE CACHED TABLE PUBLIC.DELAWARE_HIGHWAYS(
    DELAWARE_HIGHWAYS_ID DECIMAL(38, 19) NOT NULL SELECTIVITY 100,
    THE_GEOM GEOMETRY SELECTIVITY 99,
    TYPE VARCHAR(20) SELECTIVITY 1 COMMENT STRINGDECODE('\u0422\u0438\u043f \u0434\u043e\u0440\u043e\u0433\u0438'),
    NAME VARCHAR(40) SELECTIVITY 47 COMMENT STRINGDECODE('\u041d\u0430\u0438\u043c\u0435\u043d\u043e\u0432\u0430\u043d\u0438\u0435 \u0434\u043e\u0440\u043e\u0433\u0438'),
    ONEWAY VARCHAR(3) SELECTIVITY 1 COMMENT STRINGDECODE('\u041e\u0434\u043d\u043e\u0441\u0442\u043e\u0440\u043e\u043d\u0435\u0435 \u0434\u0432\u0438\u0436\u0435\u043d\u0438\u0435?')
);
ALTER TABLE PUBLIC.DELAWARE_HIGHWAYS ADD CONSTRAINT PUBLIC.DELAWARE_HIGHWAYS_PK PRIMARY KEY(DELAWARE_HIGHWAYS_ID);
-- 39701 +/- SELECT COUNT(*) FROM PUBLIC.DELAWARE_HIGHWAYS;
INSERT INTO PUBLIC.DELAWARE_HIGHWAYS(DELAWARE_HIGHWAYS_ID, THE_GEOM, TYPE, NAME, ONEWAY) VALUES
(1.0000000000000000000, 'MULTILINESTRING ((-75.787101 38.5526, -75.786888 38.5522, -75.786453 38.551567, -75.786331 38.551269, -75.786201 38.55104, -75.786132 38.550998, -75.784828 38.550807, -75.784561 38.55075, -75.78437 38.550674, -75.784225 38.550556, -75.784156 38.550464, -75.78408 38.550434, -75.783615 38.550395, -75.783081 38.550319))', 'residential', NULL, NULL),
(2.0000000000000000000, 'MULTILINESTRING ((-75.7870949 39.028341, -75.7870779 39.028743, -75.786935 39.031746, -75.786911 39.032249, -75.786903 39.032566))', 'primary', 'Greensboro Goldsboro Rd', NULL),
(3.0000000000000000000, 'MULTILINESTRING ((-75.787101 39.252048, -75.7870779 39.252113))', 'residential', NULL, NULL),
(4.0000000000000000000, 'MULTILINESTRING ((-75.786168 39.465601, -75.786137 39.465151, -75.786287 39.464546, -75.786343 39.464332, -75.786407 39.464211, -75.786439 39.464184, -75.786479 39.464167, -75.786525 39.464154, -75.786592 39.464145, -75.786699 39.464144, -75.786824 39.464145, -75.786877 39.464143, -75.786919 39.464138, -75.7869599 39.464126, -75.786986 39.464109, -75.787013 39.464081, -75.78703 39.464058, -75.7870389 39.464034, -75.7870389 39.463994, -75.787031 39.46397, -75.786993 39.463914, -75.786952 39.463859, -75.786914 39.4638009, -75.78691 39.463781, -75.786911 39.463762, -75.786946 39.463648, -75.787098 39.463263))', 'residential', NULL, NULL),
(5.0000000000000000000, 'MULTILINESTRING ((-75.782903 39.490509, -75.784106 39.490564, -75.785309 39.490614, -75.7854119 39.490616, -75.785763 39.4906239, -75.786181 39.490639, -75.786954 39.490666, -75.787099 39.490674))', 'residential', NULL, NULL),
(6.0000000000000000000, 'MULTILINESTRING ((-75.774733 39.746268, -75.774775 39.746179, -75.77493 39.745892, -75.77499 39.745552, -75.77502 39.745409, -75.775111 39.745081, -75.7751569 39.74494, -75.775193 39.7448059, -75.775227 39.744644, -75.775269 39.744479, -75.775296 39.744437, -75.775344 39.74439, -75.775388 39.744355, -75.775512 39.744286, -75.775653 39.744233, -75.775812 39.744154, -75.775887 39.7440939, -75.775964 39.744011, -75.776064 39.743848, -75.776177 39.743616, -75.776205 39.743472, -75.776206 39.743308, -75.776191 39.743173, -75.776152 39.742986, -75.775995 39.742486, -75.775937 39.742329, -75.775895 39.742146, -75.775851 39.741901, -75.775837 39.7417609, -75.775827 39.741644, -75.77581 39.741524, -75.775815 39.741373, -75.775837 39.7413079, -75.775889 39.741205, -75.776094 39.740885, -75.776416 39.740415, -75.776641 39.740101, -75.7767269 39.740016, -75.776785 39.739971, -75.776858 39.7399259, -75.777012 39.739883, -75.7777909 39.739736, -75.778694 39.739573, -75.779365 39.739466, -75.779747 39.739398, -75.7798509 39.739372, -75.779936 39.739343, -75.780025 39.739302, -75.780106 39.739257, -75.780501 39.738987, -75.780928 39.738683, -75.78163 39.738173, -75.782807 39.737296, -75.782954 39.737184, -75.783203 39.737011, -75.783557 39.736752, -75.784236 39.736298, -75.785058 39.735773, -75.785554 39.735449, -75.786731 39.734706, -75.786874 39.734623, -75.787096 39.734524))', 'residential', 'Southbank Rd', NULL),
(7.0000000000000000000, 'MULTILINESTRING ((-75.787101 39.8172629, -75.786975 39.817265, -75.786895 39.816757, -75.786868 39.816259, -75.786741 39.8162499))', 'residential', 'Lakenheath Ct', NULL),
(8.0000000000000000000, 'MULTILINESTRING ((-75.786923 38.464169, -75.786997 38.464103, -75.787092 38.464006, -75.787042 38.463683, -75.78695 38.46374, -75.786852 38.463859, -75.786774 38.46397, -75.786696 38.464056))', 'residential', NULL, NULL),
(9.0000000000000000000, 'MULTILINESTRING ((-75.787094 38.553367, -75.787017 38.553417, -75.78659 38.553562, -75.786254 38.553733, -75.785995 38.55392, -75.785812 38.553985, -75.78553 38.55413, -75.785026 38.554409))', 'residential', NULL, NULL),
(10.0000000000000000000, 'MULTILINESTRING ((-75.787094 38.805511, -75.786766 38.805583))', 'residential', 'Jones Corner Rd', NULL),
(11.0000000000000000000, 'MULTILINESTRING ((-75.787092 39.40437, -75.786834 39.404289))', 'residential', 'Antonio Ln', NULL);
INSERT INTO PUBLIC.DELAWARE_HIGHWAYS(DELAWARE_HIGHWAYS_ID, THE_GEOM, TYPE, NAME, ONEWAY) VALUES
(12.0000000000000000000, 'MULTILINESTRING ((-75.787093 39.587707, -75.787043 39.587714, -75.787011 39.587731, -75.787008 39.587759, -75.787029 39.587804))', 'residential', NULL, NULL),
(13.0000000000000000000, 'MULTILINESTRING ((-75.77907 39.638786, -75.779269 39.638809, -75.779392 39.638847, -75.77949 39.638944, -75.779585 39.639411, -75.779631 39.639511, -75.779722 39.639601, -75.779785 39.639649, -75.779872 39.639681, -75.780028 39.639709, -75.780192 39.639708, -75.780438 39.639658, -75.781625 39.639283, -75.782621 39.639016, -75.7835 39.638818, -75.784167 39.638692, -75.785525 39.638514, -75.786564 39.638414, -75.787087 39.630513, -75.787037 39.630473, -75.7868249 39.629737, -75.786187 39.627291, -75.785953 39.6263409, -75.785251 39.623482, -75.7849449 39.622115))', 'residential', 'Dixie Line Rd', NULL),
(14.0000000000000000000, 'MULTILINESTRING ((-75.784637 38.5316959, -75.78553 38.5318449, -75.786506 38.53197, -75.786895 38.532043, -75.786972 38.5320729, -75.787086 38.532142))', 'residential', NULL, NULL),
(15.0000000000000000000, 'MULTILINESTRING ((-75.787055 38.69712, -75.786949 38.696769, -75.786918 38.696674, -75.787086 38.697212, -75.787055 38.69712))', 'residential', NULL, NULL),
(16.0000000000000000000, 'MULTILINESTRING ((-75.78656 38.748313, -75.786247 38.75, -75.7863689 38.75064, -75.786598 38.751575, -75.786766 38.751846, -75.786994 38.752029, -75.787086 38.7521429))', 'service', NULL, NULL),
(17.0000000000000000000, 'MULTILINESTRING ((-75.787086 38.984313, -75.786834 38.984207, -75.786834 38.984107, -75.786903 38.983848, -75.786895 38.9836, -75.786636 38.98331))', 'residential', NULL, NULL),
(18.0000000000000000000, 'MULTILINESTRING ((-75.778755 39.058383, -75.781578 39.060607, -75.781799 39.060817, -75.781974 39.061065, -75.782478 39.06237, -75.78379 39.065937, -75.784843 39.068664, -75.785057 39.069076, -75.78514 39.069171, -75.785499 39.06948, -75.785827 39.069713, -75.7862619 39.070121, -75.786598 39.070762, -75.786682 39.071308, -75.786788 39.07167, -75.786933 39.0719939, -75.786987 39.074832, -75.786956 39.075141, -75.787017 39.075508, -75.787063 39.075664, -75.787047 39.087279, -75.786949 39.087516, -75.786941 39.087627, -75.787002 39.089237, -75.787086 39.090156, -75.7866279 39.098602, -75.786361 39.098911, -75.785804 39.099548, -75.785591 39.099739))', 'residential', 'Melville Rd', NULL),
(19.0000000000000000000, 'MULTILINESTRING ((-75.7793219 39.476255, -75.779375 39.476322, -75.779475 39.476416, -75.77983 39.476672, -75.780981 39.477555, -75.7815509 39.477995, -75.781913 39.478301, -75.782101 39.478459, -75.783556 39.479661, -75.784877 39.480803, -75.785223 39.481086, -75.7855359 39.481324, -75.785749 39.481457, -75.78603 39.481634, -75.786467 39.481891, -75.78708 39.482214))', 'residential', 'S St Augustine Rd', NULL),
(20.0000000000000000000, 'MULTILINESTRING ((-75.78708 39.5331, -75.786952 39.533115, -75.7867799 39.533148, -75.7865319 39.533223, -75.7861999 39.533394, -75.785721 39.53367, -75.785621 39.533732, -75.785554 39.533766, -75.785481 39.5338009, -75.785334 39.533825, -75.784626 39.533869, -75.784541 39.533884, -75.784406 39.533915, -75.784046 39.533995, -75.7834589 39.534117, -75.783168 39.534184, -75.783074 39.534188, -75.783053 39.534185, -75.782972 39.534175, -75.782788 39.534145, -75.782508 39.534121, -75.782331 39.534109, -75.782013 39.534178, -75.7817759 39.534234, -75.781451 39.534292, -75.78107 39.534352, -75.780868 39.534374, -75.780696 39.534387, -75.780629 39.534396, -75.780485 39.534369, -75.7802339 39.534337, -75.780072 39.534332, -75.779924 39.53433, -75.779814 39.534314, -75.779646 39.534292, -75.779386 39.534201))', 'residential', 'Canal Rd', NULL),
(21.0000000000000000000, 'MULTILINESTRING ((-75.783751 39.673605, -75.78457 39.673328, -75.784905 39.673162, -75.785398 39.673045, -75.785566 39.67303, -75.786311 39.672804, -75.786525 39.67269, -75.786721 39.672631, -75.786954 39.672616, -75.787085 39.672645))', 'residential', 'Kinross Dr', NULL),
(22.0000000000000000000, 'MULTILINESTRING ((-75.7870779 38.698127, -75.786979 38.697792, -75.786804 38.69717, -75.786712 38.6968109, -75.786643 38.696556))', 'residential', 'Hayman Dr', NULL);
INSERT INTO PUBLIC.DELAWARE_HIGHWAYS(DELAWARE_HIGHWAYS_ID, THE_GEOM, TYPE, NAME, ONEWAY) VALUES
(23.0000000000000000000, 'MULTILINESTRING ((-75.7848659 38.8546369, -75.786987 38.854625, -75.7870779 38.854598))', 'residential', NULL, NULL),
(24.0000000000000000000, 'MULTILINESTRING ((-75.786911 39.015014, -75.786811 39.015468, -75.786651 39.016349, -75.786682 39.016845, -75.786758 39.017181, -75.786872 39.017696, -75.787072 39.018567))', 'primary', 'Greensboro Rd', NULL),
(25.0000000000000000000, 'MULTILINESTRING ((-75.786948 39.779234, -75.786981 39.779364, -75.787054 39.780154, -75.787026 39.780211, -75.786866 39.780477, -75.786739 39.780738, -75.786717 39.780835, -75.786717 39.7809, -75.786727 39.780976, -75.786806 39.781414, -75.786927 39.782295, -75.787074 39.782698))', 'residential', 'Stonegate Dr', NULL),
(26.0000000000000000000, 'MULTILINESTRING ((-75.765296 38.689151, -75.766891 38.68861, -75.767677 38.688259, -75.768501 38.68785, -75.769111 38.687492, -75.769538 38.68724, -75.770065 38.686932, -75.771781 38.6859279, -75.773254 38.685062, -75.774444 38.684391, -75.775764 38.683574, -75.776176 38.683387, -75.777275 38.68296, -75.77745 38.682891, -75.778411 38.682628, -75.779922 38.682415, -75.781227 38.682395, -75.782302 38.682445, -75.783363 38.682594, -75.784378 38.682811, -75.784944 38.683026, -75.7851249 38.6830939, -75.785369 38.683189, -75.786338 38.683734, -75.786643 38.683879, -75.786712 38.718986, -75.786354 38.719997, -75.785835 38.721759, -75.7857049 38.722618, -75.785675 38.723426, -75.785697 38.723804, -75.785835 38.724586, -75.786148 38.725967, -75.786819 38.728988, -75.787071 38.729915, -75.787025 38.771259, -75.786918 38.771717, -75.786865 38.772106, -75.7868419 38.7726169, -75.786911 38.773548, -75.787055 38.787891, -75.786903 38.789218, -75.786766 38.790657, -75.786483 38.792949, -75.786407 38.795009, -75.786407 38.795505, -75.786529 38.797191, -75.786933 38.801712, -75.787048 38.802532, -75.78688 38.805252, -75.786766 38.805583, -75.786468 38.806457, -75.786346 38.806785, -75.785476 38.809154, -75.784591 38.811408, -75.784225 38.812374, -75.783401 38.813808, -75.783195 38.814086, -75.782707 38.814743, -75.780075 38.818481, -75.779449 38.819583, -75.779307 38.819845, -75.778388 38.821544, -75.777976 38.822383, -75.7776559 38.823375, -75.777595 38.823814, -75.777565 38.824481, -75.777641 38.825912, -75.777725 38.826618, -75.778121 38.831657, -75.778411 38.835487, -75.778488 38.836105))', 'primary', 'Federalsburg Hwy', NULL),
(27.0000000000000000000, 'MULTILINESTRING ((-75.787071 38.862228, -75.786254 38.8619879, -75.785064 38.861663, -75.784683 38.861587, -75.778572 38.859844, -75.775497 38.859008, -75.772636 38.85815, -75.7704229 38.857501, -75.769943 38.85746, -75.76802 38.857509, -75.766494 38.85754, -75.763565 38.85754, -75.758514 38.857585, -75.756935 38.857585, -75.749565 38.85769, -75.7475429 38.857719, -75.745307 38.857746, -75.743774 38.857814, -75.741287 38.857836, -75.73867 38.85786, -75.737792 38.857837, -75.736061 38.857509, -75.733558 38.85696, -75.733329 38.856845, -75.731628 38.85659, -75.73027 38.856437, -75.728294 38.85617, -75.72631 38.855854, -75.724789 38.8556389))', 'residential', 'Hobbs Rd', NULL),
(28.0000000000000000000, 'MULTILINESTRING ((-75.787069 39.409666, -75.786694 39.410164, -75.786309 39.410658, -75.7859469 39.411053, -75.785556 39.411433, -75.785016 39.411874, -75.784449 39.4123159, -75.784224 39.412495, -75.784169 39.412547, -75.784133 39.412593, -75.78411 39.412639, -75.784103 39.412701, -75.784113 39.412766, -75.784141 39.412824, -75.784175 39.412883))', 'secondary', 'Sassafrass Rd', NULL),
(29.0000000000000000000, 'MULTILINESTRING ((-75.786662 39.603583, -75.786835 39.603578, -75.787068 39.603547))', 'service', 'Kiddie Ln', NULL),
(30.0000000000000000000, 'MULTILINESTRING ((-75.78683 38.464346, -75.786775 38.464408, -75.786777 38.464462, -75.786799 38.464497, -75.786844 38.464545, -75.786951 38.4646169, -75.787056 38.465777, -75.786861 38.465943, -75.786602 38.466153, -75.785909 38.466656, -75.785648 38.466842, -75.785588 38.466871, -75.785524 38.466888, -75.785441 38.4669049, -75.785349 38.466883, -75.785278 38.466841, -75.785113 38.466723, -75.78488 38.466603, -75.784682 38.466515, -75.784458 38.466467, -75.784077 38.466416, -75.7837289 38.466404))', 'service', NULL, NULL);
INSERT INTO PUBLIC.DELAWARE_HIGHWAYS(DELAWARE_HIGHWAYS_ID, THE_GEOM, TYPE, NAME, ONEWAY) VALUES
(31.0000000000000000000, 'MULTILINESTRING ((-75.787063 39.495108, -75.786073 39.495097, -75.785189 39.495085, -75.784181 39.495074, -75.783376 39.495046, -75.782565 39.494985, -75.781199 39.494861, -75.7804 39.49478, -75.779462 39.494689, -75.777598 39.494511, -75.776005 39.494364))', 'secondary', 'Cayots Corner Rd', NULL),
(32.0000000000000000000, 'MULTILINESTRING ((-75.787057 39.739508, -75.786947 39.739605, -75.786751 39.739854, -75.786545 39.740142, -75.785918 39.740949, -75.7857049 39.7411699, -75.785618 39.741288, -75.785585 39.741348, -75.785466 39.741534, -75.785287 39.741793, -75.785045 39.742115, -75.7849449 39.742236, -75.784913 39.742264, -75.7847139 39.742386, -75.784491 39.742452, -75.7841 39.742604, -75.783829 39.742686, -75.783738 39.742702, -75.783168 39.742781, -75.782746 39.742825, -75.7826709 39.742829, -75.78256 39.742835, -75.781891 39.7428389, -75.781755 39.7428529, -75.78166 39.742872, -75.781131 39.743052, -75.780741 39.743209, -75.780691 39.74324, -75.780646 39.743275, -75.780576 39.743355, -75.780545 39.743406, -75.780527 39.743456, -75.780519 39.743499, -75.780509 39.74369, -75.780478 39.744619, -75.780474 39.7452619, -75.780474 39.745313, -75.780466 39.745374, -75.780451 39.745432, -75.780377 39.745599, -75.7803689 39.74584))', 'residential', 'London Tract Rd', NULL),
(33.0000000000000000000, 'MULTILINESTRING ((-75.785583 38.529281, -75.787051 38.530308))', 'residential', NULL, NULL),
(34.0000000000000000000, 'MULTILINESTRING ((-75.786804 38.69717, -75.787055 38.69712))', 'residential', NULL, NULL),
(35.0000000000000000000, 'MULTILINESTRING ((-75.787048 39.374504, -75.787055 39.374809, -75.786918 39.374961, -75.786773 39.374996, -75.785591 39.375022, -75.784217 39.375122, -75.783851 39.375118, -75.783226 39.374961, -75.782897 39.374805, -75.782768 39.374691, -75.782852 39.374286, -75.783096 39.374198, -75.783302 39.373962, -75.784164 39.372768))', 'residential', NULL, NULL),
(36.0000000000000000000, 'MULTILINESTRING ((-75.787053 39.583061, -75.786675 39.58308, -75.786499 39.5831))', 'service', NULL, NULL),
(37.0000000000000000000, 'MULTILINESTRING ((-75.787052 39.82199, -75.78692 39.822055))', 'residential', 'Clay Creek Rd', NULL),
(38.0000000000000000000, 'MULTILINESTRING ((-75.786042 38.463718, -75.786203 38.463534, -75.786298 38.463487, -75.786424 38.463441, -75.786531 38.463436, -75.786678 38.46347, -75.786967 38.463625, -75.787042 38.463683))', 'residential', NULL, NULL),
(39.0000000000000000000, 'MULTILINESTRING ((-75.78424 39.0866619, -75.78437 39.086627, -75.784492 39.08665, -75.785057 39.086872, -75.785659 39.086894, -75.786117 39.087001, -75.786331 39.087192, -75.786949 39.087207, -75.787047 39.087279))', 'residential', NULL, NULL),
(40.0000000000000000000, 'MULTILINESTRING ((-75.786972 39.12952, -75.78704 39.129463))', 'residential', NULL, NULL),
(41.0000000000000000000, 'MULTILINESTRING ((-75.784965 39.330993, -75.784965 39.330928, -75.785049 39.330886, -75.785514 39.330825, -75.785903 39.330684, -75.786254 39.330497, -75.786766 39.330314, -75.78704 39.330177, -75.787025 39.329212, -75.786918 39.329109, -75.786415 39.328952, -75.786422 39.328895))', 'residential', NULL, NULL),
(42.0000000000000000000, 'MULTILINESTRING ((-75.783908 39.819693, -75.784376 39.819587, -75.78496 39.819449, -75.785095 39.819417, -75.785288 39.8193879, -75.785454 39.8193849, -75.785522 39.819387, -75.785752 39.819435, -75.785815 39.81946, -75.7859019 39.819501, -75.785984 39.819552, -75.786175 39.819685, -75.786357 39.819787, -75.786529 39.819862, -75.786812 39.819969, -75.786855 39.81998, -75.787029 39.820006))', 'residential', 'Miller Dr', NULL),
(43.0000000000000000000, 'MULTILINESTRING ((-75.7849729 38.667415, -75.785575 38.667091, -75.785713 38.66698, -75.785766 38.666919, -75.785781 38.666858, -75.785774 38.6668049, -75.78569 38.666618, -75.7854909 38.666065, -75.785415 38.66571, -75.785453 38.665473, -75.785591 38.665023, -75.785667 38.66492, -75.785873 38.664768, -75.78627 38.664508, -75.7864759 38.664302, -75.786567 38.664237, -75.786758 38.664173, -75.787025 38.664253, -75.786888 38.667488, -75.7863 38.667827, -75.785797 38.668113, -75.785728 38.668159, -75.7854459 38.668327, -75.784721 38.668655, -75.7844159 38.668811, -75.784225 38.668907, -75.783775 38.669143, -75.782875 38.669536, -75.782531 38.6697, -75.78231 38.669811, -75.782135 38.669914, -75.782012 38.670013, -75.781875 38.67015, -75.781768 38.670295, -75.781646 38.670463, -75.781593 38.670543, -75.781509 38.670608, -75.7814099 38.670661, -75.781181 38.670722, -75.781028 38.670799, -75.780921 38.670864, -75.780838 38.670963, -75.7807 38.671199, -75.780548 38.671405, -75.780403 38.671566, -75.780311 38.671665, -75.780227 38.6717299, -75.7800819 38.67181, -75.779861 38.671905, -75.77964 38.671928, -75.779083 38.672142, -75.779045 38.672168))', 'residential', NULL, NULL);
CREATE INDEX PUBLIC.DELAWARE_HIGHWAYS_TYPE_IDX ON PUBLIC.DELAWARE_HIGHWAYS(TYPE);
CREATE CACHED TABLE PUBLIC.DELAWARE_NATURAL(
    DELAWARE_NATURAL_ID DECIMAL(38, 19) NOT NULL SELECTIVITY 100,
    THE_GEOM GEOMETRY SELECTIVITY 100,
    NAME VARCHAR(16) SELECTIVITY 1 COMMENT STRINGDECODE('\u041d\u0430\u0438\u043c\u0435\u043d\u043e\u0432\u0430\u043d\u0438\u0435'),
    TYPE VARCHAR(6) SELECTIVITY 1 COMMENT STRINGDECODE('\u0422\u0438\u043f')
);
ALTER TABLE PUBLIC.DELAWARE_NATURAL ADD CONSTRAINT PUBLIC.DELAWARE_NATURAL_PK PRIMARY KEY(DELAWARE_NATURAL_ID);
-- 2480 +/- SELECT COUNT(*) FROM PUBLIC.DELAWARE_NATURAL;
INSERT INTO PUBLIC.DELAWARE_NATURAL(DELAWARE_NATURAL_ID, THE_GEOM, NAME, TYPE) VALUES
(1.0000000000000000000, 'MULTIPOLYGON (((-75.1149788 39.7088884, -75.1148922 39.7088555, -75.1148056 39.7088416, -75.1147624 39.7088419, -75.1146629 39.7087614, -75.1145206 39.7087097, -75.1143414 39.708682, -75.1141808 39.7086781, -75.1139898 39.708703, -75.1138543 39.7087371, -75.1139043 39.7088035, -75.1139601 39.7088413, -75.1140592 39.7088837, -75.1141461 39.7089404, -75.1142333 39.709021, -75.1142771 39.7090875, -75.1143639 39.7091395, -75.1144323 39.7091915, -75.1145867 39.7092146, -75.1147101 39.7092091, -75.1147964 39.7091896, -75.1148515 39.7091417, -75.1149003 39.7090842, -75.1149267 39.7090222, -75.1148809 39.7089747, -75.1148864 39.7089032, -75.1149788 39.7088884)))', 'Abbot''s Pond', 'water'),
(2.0000000000000000000, 'MULTIPOLYGON (((-75.142372 39.73216, -75.1425352 39.7321356, -75.1427077 39.7319738, -75.1429176 39.7315181, -75.1428712 39.7312072, -75.142669 39.7310067, -75.1424656 39.729742, -75.1425451 39.7294869, -75.1424895 39.7291627, -75.1425116 39.7289732, -75.1426381 39.7288063, -75.14298 39.7278743, -75.1431108 39.7276631, -75.1430092 39.72757, -75.1424381 39.7274723, -75.1422502 39.7273425, -75.1420488 39.7268627, -75.14184 39.7266958, -75.1414835 39.7262769, -75.1414494 39.7259394, -75.1415002 39.7257305, -75.1414529 39.7255733, -75.1413493 39.7255138, -75.1409484 39.7255576, -75.1408254 39.7254981, -75.1407476 39.7252669, -75.1405822 39.725022, -75.1405943 39.7248434, -75.1405231 39.7248261, -75.1402961 39.7250413, -75.140033 39.72543, -75.1400869 39.7261865, -75.1401627 39.7263382, -75.1403476 39.7265157, -75.1410104 39.7270072, -75.1414571 39.7276157, -75.1414422 39.7280073, -75.1413726 39.72817, -75.1414122 39.7284419, -75.1413753 39.7287907, -75.141462 39.7289717, -75.1413671 39.7290725, -75.1413703 39.7294258, -75.1411095 39.7300269, -75.141039 39.7304499, -75.1412433 39.731492, -75.1414127 39.7319774, -75.141634 39.732143, -75.142372 39.73216)))', 'Alcyon Lake', 'water'),
(3.0000000000000000000, 'MULTIPOLYGON (((-75.0614413 39.7546031, -75.0619549 39.7547896, -75.0624525 39.7546624, -75.0624509 39.754463, -75.062254 39.754282, -75.0621058 39.7542792, -75.0620777 39.7541459, -75.0619521 39.7541621, -75.0619063 39.75406, -75.0620669 39.7539223, -75.0621242 39.7538024, -75.062081 39.7537211, -75.0621905 39.7536581, -75.0623548 39.7536938, -75.0624638 39.7538389, -75.0625853 39.7538466, -75.0627553 39.7539394, -75.0628281 39.7539143, -75.0628014 39.7536999, -75.0628634 39.7533215, -75.062365 39.7528871, -75.0619713 39.7529105, -75.0615826 39.7526381, -75.0612345 39.7527505, -75.0611512 39.7526467, -75.061263 39.7524363, -75.061172 39.7523111, -75.0602597 39.7521602, -75.0601511 39.7521012, -75.0600895 39.7515032, -75.0601091 39.7514097, -75.060323 39.7512508, -75.0605264 39.7509846, -75.0605319 39.7508755, -75.0604433 39.7507174, -75.0605019 39.7504707, -75.0607442 39.750253, -75.0609918 39.7501576, -75.061219 39.7499234, -75.0612668 39.7497647, -75.0612153 39.7494711, -75.0614546 39.7492401, -75.0614338 39.7489748, -75.0612982 39.7489081, -75.0612789 39.7488377, -75.0617915 39.7485169, -75.0620372 39.7483249, -75.0621296 39.7481913, -75.0622602 39.7481585, -75.0621706 39.7478712, -75.0622781 39.7476806, -75.062126 39.7473532, -75.0620858 39.7469947, -75.0619812 39.7470597, -75.0620363 39.7471731, -75.0619979 39.7478821, -75.0619421 39.7479372, -75.061868 39.747917, -75.0618009 39.7476773, -75.0616426 39.747525, -75.0616413 39.747349, -75.0615875 39.7472921, -75.0615466 39.7472959, -75.0615093 39.7475039, -75.0615909 39.7477115, -75.0615638 39.7480179, -75.06149 39.7480434, -75.0614009 39.7480118, -75.0612741 39.7477084, -75.0611728 39.7476267, -75.0610871 39.7476454, -75.0610514 39.7479838, -75.0611681 39.7481386, -75.060693 39.7485209, -75.0606592 39.7489158, -75.0605036 39.7490777, -75.0603728 39.7490132, -75.0602679 39.7490297, -75.0601362 39.7492211, -75.0602366 39.7493766, -75.0600869 39.7495339, -75.0599294 39.7500007, -75.0595024 39.7506623, -75.0592572 39.7509188, -75.0586751 39.7512208, -75.0583997 39.7517196, -75.0584873 39.7519588, -75.0586399 39.752061, -75.0585914 39.7520888, -75.0586204 39.752439, -75.0583566 39.7531156, -75.0583185 39.753895, -75.0583779 39.7541633, -75.0590227 39.7543205, -75.059931 39.7544005, -75.0610131 39.7545969, -75.0614413 39.7546031)))', 'Bells Lake', 'water');
INSERT INTO PUBLIC.DELAWARE_NATURAL(DELAWARE_NATURAL_ID, THE_GEOM, NAME, TYPE) VALUES
(4.0000000000000000000, 'MULTIPOLYGON (((-75.2146247 39.3874427, -75.215483 39.3873764, -75.2161697 39.3868457, -75.216513 39.3870447, -75.2172855 39.3866467, -75.2196029 39.3859833, -75.2200321 39.3853199, -75.2201352 39.3849207, -75.2205677 39.3846371, -75.2207875 39.3843569, -75.2212166 39.3842375, -75.2214053 39.3839268, -75.2213883 39.3836139, -75.2212815 39.3835255, -75.2208045 39.3831307, -75.2197745 39.3829981, -75.2182296 39.3834624, -75.2179721 39.3845902, -75.2171138 39.3848556, -75.2163413 39.3850545, -75.2155518 39.3852524, -75.2153371 39.3857035, -75.2150367 39.3858495, -75.2145905 39.3868644, -75.2137923 39.3867119, -75.2132516 39.3869507, -75.2131314 39.3878595, -75.2127194 39.3879258, -75.2121358 39.3874416, -75.2108998 39.3875941, -75.2098441 39.387959, -75.209475 39.3883038, -75.20896 39.3884764, -75.2080158 39.3874427, -75.2075008 39.3878407, -75.2055266 39.3881724, -75.2056983 39.3890348, -75.2046684 39.3901625, -75.205029 39.3901414, -75.2056985 39.3910701, -75.2056726 39.3916206, -75.2065566 39.3920198, -75.2074151 39.3912359, -75.2084449 39.3898971, -75.2084449 39.3891674, -75.2091316 39.3890348, -75.2105907 39.3888358, -75.211449 39.3887031, -75.2122215 39.3885704, -75.2132514 39.3886368, -75.2138522 39.388305, -75.2146247 39.3874427)))', 'Clarks Pond', 'water'),
(5.0000000000000000000, 'MULTIPOLYGON (((-75.2020934 39.3917544, -75.2028659 39.3916218, -75.204325 39.3909585, -75.2039817 39.3902288, -75.204325 39.3894328, -75.2047542 39.3891011, -75.2050974 39.3882388, -75.2042392 39.3882388, -75.2026943 39.3887694, -75.2028659 39.3897645, -75.2015785 39.3904941, -75.2008917 39.389698, -75.2000335 39.3898308, -75.199261 39.3902288, -75.1989177 39.3911575, -75.1996043 39.3916881, -75.198746 39.3920861, -75.1978877 39.3924177, -75.196257 39.3932801, -75.1959136 39.3935454, -75.1950553 39.3937444, -75.1966003 39.3940097, -75.197716 39.3931473, -75.1985744 39.3933464, -75.1990035 39.3927494, -75.1996902 39.3922851, -75.2004627 39.3922188, -75.2015785 39.3912238, -75.2020934 39.3917544)))', 'Clarks Pond', 'water'),
(6.0000000000000000000, 'MULTIPOLYGON (((-75.1266188 39.7242063, -75.1265539 39.7238785, -75.1264759 39.7238625, -75.1263434 39.7238586, -75.1262109 39.7238704, -75.1260498 39.7239324, -75.1258498 39.7239764, -75.1257173 39.7239844, -75.1254964 39.7239445, -75.1252704 39.7238925, -75.1250807 39.7238526, -75.1249015 39.7238146, -75.1246365 39.7238046, -75.1245403 39.7237826, -75.1244676 39.7237725, -75.1244026 39.7237966, -75.1244026 39.7238346, -75.1244181 39.7238745, -75.1244546 39.7239145, -75.1247612 39.7240704, -75.1249378 39.7241443, -75.1250288 39.7241703, -75.1250833 39.7241783, -75.1251509 39.7241723, -75.1251977 39.7241583, -75.125286 39.7241203, -75.1254419 39.7241403, -75.1258212 39.7241902, -75.1259823 39.7242103, -75.1262317 39.7242103, -75.1263356 39.7242202, -75.1264448 39.7242502, -75.1265045 39.7242642, -75.126611 39.7242582, -75.1266188 39.7242063)))', 'Glen Lake', 'water'),
(7.0000000000000000000, 'MULTIPOLYGON (((-75.2414608 39.4333785, -75.2416067 39.4334249, -75.2417784 39.4333851, -75.2418555 39.4332857, -75.2419242 39.4331597, -75.2418213 39.4330536, -75.241581 39.4330072, -75.2414694 39.4329343, -75.2411346 39.4328614, -75.2409629 39.4328879, -75.2405767 39.4328879, -75.2402935 39.4328282, -75.240139 39.432868, -75.23983 39.4329807, -75.2396583 39.4329343, -75.2392979 39.4328945, -75.2389545 39.4329144, -75.2388172 39.4329409, -75.2382078 39.432994, -75.2379503 39.4329012, -75.2377787 39.4328481, -75.2377872 39.433027, -75.2377357 39.4332724, -75.2377529 39.4334845, -75.2379246 39.4334182, -75.2381735 39.433405, -75.2385511 39.4335773, -75.2387314 39.4336237, -75.2389975 39.4335773, -75.2393322 39.4336039, -75.2395124 39.4335575, -75.2396927 39.4334514, -75.2398642 39.4333387, -75.2401562 39.4332061, -75.2404137 39.4332194, -75.2405767 39.4333586, -75.2406883 39.433405, -75.2408255 39.4333785, -75.2408942 39.4333321, -75.2410316 39.4332923, -75.241229 39.4332857, -75.2414608 39.4333785)))', 'Jeddy''s Pond', 'water');
INSERT INTO PUBLIC.DELAWARE_NATURAL(DELAWARE_NATURAL_ID, THE_GEOM, NAME, TYPE) VALUES
(8.0000000000000000000, 'MULTIPOLYGON (((-75.0874057 39.7312, -75.0881634 39.7311949, -75.0883795 39.7310792, -75.0883023 39.7304288, -75.0882684 39.730267, -75.0878475 39.730185, -75.0874826 39.7302778, -75.08735 39.7301875, -75.0869129 39.7302698, -75.0860725 39.7302713, -75.085863 39.7302357, -75.0853279 39.7302799, -75.0850975 39.7301446, -75.0846676 39.7300381, -75.0833062 39.7293364, -75.0832129 39.7292711, -75.0830935 39.7291216, -75.0827312 39.7289066, -75.0823015 39.7288837, -75.0816316 39.7284861, -75.0812612 39.728675, -75.0812721 39.7287829, -75.0813701 39.7288633, -75.0817486 39.7290446, -75.0820815 39.7291374, -75.0821762 39.7294164, -75.0822661 39.7294939, -75.0828711 39.7295595, -75.0832812 39.729762, -75.0849566 39.7308341, -75.0851403 39.7310583, -75.0853616 39.7310481, -75.0856358 39.7311427, -75.0870039 39.7311584, -75.0874057 39.7312)))', 'Kandle Lake', 'water'),
(9.0000000000000000000, 'MULTIPOLYGON (((-75.1125865 39.7369547, -75.1126831 39.7370475, -75.1129118 39.7369544, -75.1132385 39.7369587, -75.113499 39.7369016, -75.1137825 39.7367348, -75.113851 39.736598, -75.11376 39.735995, -75.1136511 39.7357909, -75.1131956 39.7354481, -75.1132654 39.7350075, -75.1129684 39.7344242, -75.1129757 39.7340418, -75.1126826 39.7335948, -75.1123975 39.7332673, -75.1120728 39.7332172, -75.1120013 39.7329178, -75.1115746 39.7324374, -75.1113641 39.7323378, -75.111181 39.7321751, -75.1108091 39.7320026, -75.1107124 39.7321236, -75.1107583 39.7323158, -75.1109092 39.7323888, -75.1111911 39.7324016, -75.1112966 39.7324694, -75.1113136 39.7326852, -75.1114874 39.7328497, -75.1114757 39.73324, -75.1116748 39.7333612, -75.1118356 39.733765, -75.1124579 39.7343918, -75.1124639 39.7345047, -75.1121618 39.7347333, -75.1119741 39.7349729, -75.1115893 39.7351669, -75.1104539 39.7352171, -75.1103536 39.7352799, -75.1104624 39.7353947, -75.1105881 39.7353928, -75.1107418 39.7354906, -75.1109933 39.7354179, -75.1118425 39.7354873, -75.1121287 39.7353717, -75.1122873 39.7354293, -75.1123669 39.7355186, -75.1123531 39.7356508, -75.1121909 39.7357372, -75.1120565 39.7359313, -75.1118018 39.7360156, -75.1115393 39.7359729, -75.110978 39.7355815, -75.1108351 39.7355809, -75.1107818 39.7356331, -75.1116116 39.7361632, -75.1119298 39.7362368, -75.1123188 39.736515, -75.1123821 39.7366483, -75.1121677 39.7367311, -75.1124452 39.7369438, -75.1125865 39.7369547)))', 'Kressey Lake', 'water'),
(10.0000000000000000000, 'MULTIPOLYGON (((-75.0586517 39.5857031, -75.05859 39.5860797, -75.0586417 39.5861072, -75.0586949 39.5860429, -75.0587709 39.5857607, -75.05894 39.5856694, -75.059033 39.5856937, -75.0590496 39.5858887, -75.0589808 39.5859583, -75.0590482 39.5859979, -75.0591366 39.5858728, -75.0590819 39.5857696, -75.0591447 39.5857334, -75.0591649 39.5855397, -75.0594152 39.5853312, -75.0594028 39.5852462, -75.0595495 39.5850999, -75.0595979 39.5849309, -75.0596974 39.5849191, -75.0597711 39.5847958, -75.0597193 39.5847314, -75.0596169 39.5847444, -75.0596864 39.5846444, -75.059674 39.5845651, -75.059811 39.5844795, -75.0600367 39.5845095, -75.0601562 39.5846132, -75.0603488 39.5845284, -75.0604077 39.5844058, -75.0606294 39.5843495, -75.0605649 39.5842945, -75.0603855 39.5842953, -75.0604403 39.5842218, -75.0605868 39.5842316, -75.0604972 39.5841163, -75.0607298 39.5840912, -75.0607709 39.5839086, -75.0609306 39.5838966, -75.0610152 39.5838189, -75.0610488 39.5837008, -75.0609296 39.583499, -75.0604598 39.5821819, -75.0603629 39.5821797, -75.0602212 39.5820607, -75.0602394 39.582025, -75.0604766 39.5820592, -75.0606187 39.5819581, -75.0607279 39.5820037, -75.0607732 39.5822616, -75.0609038 39.5822984, -75.0609033 39.5824415, -75.0609512 39.5824761, -75.0609621 39.5826341, -75.060871 39.5827648, -75.0609442 39.5827833, -75.0609707 39.5827193, -75.0611349 39.582795, -75.0610541 39.582858, -75.0610441 39.5830744, -75.0611981 39.5830917, -75.0611477 39.5831688, -75.061254 39.5832311, -75.061344 39.5836888, -75.0614118 39.5837175, -75.0615587 39.5836785, -75.0616663 39.5827681, -75.0611215 39.5819381, -75.0609482 39.5818131, -75.0608005 39.5818843, -75.0606733 39.5818612, -75.0609418 39.5816909, -75.0609124 39.5814868, -75.060725 39.5813863, -75.0606049 39.5811877, -75.0606423 39.5811029, -75.0601803 39.5807623, -75.0600302 39.5805257, -75.0601152 39.5803181, -75.0604926 39.5801801, -75.0605345 39.5797322, -75.0602952 39.5794854, -75.0603482 39.5790132, -75.0602782 39.5787104, -75.0603374 39.5782201, -75.060412 39.5780042, -75.0606382 39.5776926, -75.0606832 39.5774449, -75.0608611 39.5772217, -75.0614171 39.575815, -75.0615289 39.5754834, -75.0615702 39.5751187, -75.0614779 39.5748735, -75.0614619 39.5746303, -75.0613017 39.5744415, -75.0577226 39.5729883, -75.0572026 39.5727946, -75.057102 39.5727999, -75.0567696 39.5730516, -75.056719 39.5734696, -75.0564935 39.5736938, -75.056519 39.5740432, -75.0563921 39.5748628, -75.0564383 39.5749604, -75.0563294 39.5752006, -75.0561606 39.5761399, -75.0555782 39.5768373, -75.0554335 39.5769393, -75.0554253 39.5771533, -75.0555782 39.5771258, -75.0555866 39.5769499, -75.0556658 39.5769687, -75.0556249 39.5771065, -75.0556674 39.5771636, -75.055897 39.5771644, -75.0561518 39.5772243, -75.0564009 39.5772117, -75.0565891 39.5773211, -75.0566406 39.5781615, -75.0568867 39.5783178, -75.05699 39.5785202, -75.0570691 39.579638, -75.05702 39.5804132, -75.0574359 39.5806752, -75.0576649 39.5810567, -75.057879 39.5812888, -75.0578364 39.5816811, -75.0576801 39.5817691, -75.0573957 39.5820548, -75.0573631 39.5822043, -75.0574069 39.5822926, -75.0576394 39.5824233, -75.057986 39.582414, -75.0580918 39.5824918, -75.057961 39.5828104, -75.0577122 39.5829043, -75.0576285 39.5831143, -75.0579775 39.5833166, -75.0580069 39.5835084, -75.0581567 39.5836301, -75.0582582 39.5839043, -75.0584973 39.5841389, -75.0585476 39.5844212, -75.0586835 39.5845393, -75.0587596 39.5849475, -75.0586517 39.5857031)))', 'Malaga Lake', 'water');
INSERT INTO PUBLIC.DELAWARE_NATURAL(DELAWARE_NATURAL_ID, THE_GEOM, NAME, TYPE) VALUES
(11.0000000000000000000, 'MULTIPOLYGON (((-75.253373 39.449034, -75.2534943 39.4487898, -75.2536659 39.4485711, -75.2542753 39.4484915, -75.2544726 39.4483722, -75.2544384 39.4481933, -75.2543783 39.4480673, -75.2541466 39.4477293, -75.2541552 39.4476232, -75.2542324 39.447484, -75.2542324 39.4472256, -75.2543354 39.4469141, -75.2543011 39.4467616, -75.2540264 39.4465827, -75.2538891 39.4463772, -75.2533226 39.4461518, -75.253005 39.4459398, -75.2526187 39.445721, -75.2525244 39.4455156, -75.25243 39.4452571, -75.2521467 39.4451179, -75.2516832 39.4449853, -75.25152 39.4448196, -75.2513227 39.4445876, -75.2512884 39.4444551, -75.2512976 39.4439194, -75.251039 39.443914, -75.249185 39.443916, -75.248396 39.44391, -75.2473402 39.443914, -75.246281 39.4439179, -75.246256 39.44489, -75.246246 39.445758, -75.24624 39.446055, -75.246236 39.446227, -75.246224 39.44638, -75.246204 39.446484, -75.246386 39.446521, -75.246489 39.4465519, -75.246644 39.446621, -75.246735 39.44668, -75.246803 39.44674, -75.246888 39.446839, -75.246996 39.447013, -75.2470249 39.4470669, -75.247061 39.447135, -75.247137 39.447249, -75.247189 39.447301, -75.247253 39.447338, -75.247366 39.447379, -75.247418 39.447387, -75.247591 39.447383, -75.247971 39.447333, -75.248061 39.447327, -75.248266 39.447321, -75.248453 39.447335, -75.248853 39.447412, -75.248991 39.4474469, -75.249281 39.447507, -75.2495749 39.447577, -75.24991 39.447725, -75.250344 39.447949, -75.250668 39.448104, -75.251188 39.448385, -75.251677 39.448671, -75.251758 39.448708, -75.2518319 39.448735, -75.252061 39.448803, -75.252277 39.448846, -75.252419 39.448866, -75.25259 39.448897, -75.252822 39.44893, -75.253043 39.448955, -75.253251 39.449002, -75.253373 39.449034)))', 'Mary Elmer Woods', 'forest'),
(12.0000000000000000000, 'MULTIPOLYGON (((-75.1287194 39.5079131, -75.1291056 39.5079131, -75.1292773 39.5079264, -75.1293202 39.5080323, -75.1295777 39.5080985, -75.129921 39.5080588, -75.1301785 39.5080456, -75.1304789 39.508231, -75.1305476 39.5084429, -75.1306333 39.5086548, -75.1306935 39.5088932, -75.1309939 39.5090919, -75.1313372 39.5091846, -75.1315089 39.5092044, -75.1318093 39.5093369, -75.132041 39.5094892, -75.1321955 39.5094362, -75.1324358 39.5094693, -75.1328135 39.5097011, -75.1330967 39.5098865, -75.133483 39.5101514, -75.1337834 39.5104957, -75.133998 39.5106811, -75.1343413 39.5107275, -75.1343842 39.5108798, -75.1346846 39.5109592, -75.1346417 39.5108136, -75.1351567 39.5109063, -75.1355258 39.5110784, -75.135869 39.5111909, -75.1364012 39.5111579, -75.1365901 39.5112903, -75.1367446 39.5113897, -75.1370192 39.5115022, -75.1375342 39.5115551, -75.1380492 39.5116214, -75.1385899 39.5117009, -75.1387187 39.5115883, -75.1391907 39.5116082, -75.13968 39.5116082, -75.1400919 39.5115685, -75.140564 39.5116545, -75.1408644 39.5118201, -75.1409073 39.5120518, -75.1409503 39.5122505, -75.1411648 39.5122041, -75.1412507 39.5123366, -75.1415082 39.5125352, -75.1419631 39.5126279, -75.1423235 39.5127604, -75.1419373 39.5124293, -75.1416798 39.5121843, -75.1417656 39.5120055, -75.1414481 39.5118731, -75.1414223 39.5117009, -75.1412507 39.5113433, -75.1414223 39.511436, -75.1416541 39.5116876, -75.1420231 39.5119525, -75.1421948 39.5121512, -75.1422377 39.512416, -75.1425381 39.5127802, -75.142624 39.5128928, -75.1429072 39.5130782, -75.142993 39.5130252, -75.143096 39.513065, -75.1433363 39.5133431, -75.1435938 39.5133563, -75.1438857 39.5134887, -75.1441689 39.5137933, -75.144023 39.5134755, -75.1437827 39.51331, -75.1432677 39.5130252, -75.1430273 39.5129127, -75.142581 39.5126478, -75.1423665 39.5124027, -75.1423922 39.5121512, -75.1426497 39.5123631, -75.1429673 39.512469, -75.1427355 39.5122174, -75.1423665 39.5119658, -75.1423064 39.5118532, -75.1426669 39.5118532, -75.1427098 39.5117671, -75.1423407 39.5117406, -75.142169 39.5115221, -75.1423922 39.5114095, -75.142109 39.5113566, -75.1417656 39.5112241, -75.1413365 39.5109924, -75.1410533 39.5108401, -75.1412249 39.5107473, -75.1409503 39.5106414, -75.1406928 39.5107275, -75.1404782 39.5104625, -75.1406669 39.5103964, -75.1408558 39.5103831, -75.1409932 39.5102507, -75.1407958 39.510211, -75.1404095 39.5101977, -75.1404095 39.5099328, -75.1405383 39.5097341, -75.1401949 39.5096349, -75.1398945 39.5096017, -75.1397056 39.509668, -75.1394654 39.5097474, -75.1391392 39.5097209, -75.1388646 39.5095885, -75.13865 39.5096547, -75.1381779 39.5097872, -75.1380492 39.5097474, -75.1380749 39.5095885, -75.1382208 39.5093236, -75.1382466 39.5089925, -75.1381779 39.5088071, -75.1380749 39.508529, -75.1378346 39.5082906, -75.1378174 39.5079992, -75.1375771 39.5078138, -75.1373883 39.5077608, -75.1368046 39.507231, -75.1364184 39.5069198, -75.1358176 39.5068734, -75.1352597 39.5070521, -75.1349593 39.5071516, -75.1345902 39.5073634, -75.1344014 39.5074032, -75.1342297 39.5072973, -75.1339894 39.5071648, -75.1337576 39.5070986, -75.1333285 39.5070521, -75.1331139 39.5070521, -75.1329851 39.5068536, -75.1328135 39.5068337, -75.1328393 39.5070853, -75.1328393 39.507231, -75.1324273 39.5072708, -75.1321698 39.5070721, -75.1322127 39.5068734, -75.1323414 39.5067542, -75.1325989 39.506635, -75.1328564 39.5067211, -75.1328564 39.5066085, -75.1325818 39.5064364, -75.1324959 39.5062576, -75.1323242 39.5061052, -75.1322384 39.5059596, -75.1322127 39.505774, -75.1320668 39.5055622, -75.1319551 39.5053304, -75.1316548 39.5050324, -75.1314145 39.5049993, -75.1312942 39.504847, -75.131054 39.5046881, -75.1307278 39.5046351, -75.130539 39.5047543, -75.130436 39.5049, -75.1304532 39.5051318, -75.1305819 39.5052841, -75.1308394 39.5052973, -75.1309681 39.5051648, -75.1311827 39.5050655, -75.1313286 39.5051119, -75.1311827 39.5052642, -75.1310711 39.5053967, -75.1311398 39.5055092, -75.1310368 39.5057079, -75.1306077 39.5059463, -75.1303502 39.5061052, -75.1299811 39.5062112, -75.1297236 39.5062774, -75.1295262 39.5066218, -75.1293545 39.5068072, -75.1291829 39.5068337, -75.1289082 39.506741, -75.1287365 39.5066549, -75.1285649 39.5066879, -75.1287194 39.5067542, -75.1288395 39.5068734, -75.1291228 39.5069661, -75.1292086 39.5070059, -75.1290798 39.5071383, -75.128994 39.5073171, -75.128994 39.5075357, -75.128891 39.5077807, -75.1287794 39.5078138, -75.1287194 39.5079131)))', 'Parvin Lake', 'water');
CREATE CACHED TABLE PUBLIC.DELAWARE_POINTS(
    DELAWARE_POINTS_ID DECIMAL(38, 19) NOT NULL,
    THE_GEOM GEOMETRY,
    CATEGORY VARCHAR(30) COMMENT STRINGDECODE('\u041a\u0430\u0442\u0435\u0433\u043e\u0440\u0438\u044f'),
    NAME VARCHAR(82) COMMENT STRINGDECODE('\u041d\u0430\u0438\u043c\u0435\u043d\u043e\u0432\u0430\u043d\u0438\u0435')
);
ALTER TABLE PUBLIC.DELAWARE_POINTS ADD CONSTRAINT PUBLIC.DELAWARE_POINTS_PK PRIMARY KEY(DELAWARE_POINTS_ID);
-- 1343 +/- SELECT COUNT(*) FROM PUBLIC.DELAWARE_POINTS;
INSERT INTO PUBLIC.DELAWARE_POINTS(DELAWARE_POINTS_ID, THE_GEOM, CATEGORY, NAME) VALUES
(1.0000000000000000000, 'POINT (-75.764411 39.644926)', 'Automotive', 'Toll Booth'),
(2.0000000000000000000, 'POINT (-75.7563732 39.5937227)', 'Automotive', '"Stop" sign'),
(3.0000000000000000000, 'POINT (-75.7558791 39.6385667)', 'Automotive', 'Parking'),
(4.0000000000000000000, 'POINT (-75.7558597394404 39.63849315)', 'Automotive', 'Parking');
INSERT INTO PUBLIC.DELAWARE_POINTS(DELAWARE_POINTS_ID, THE_GEOM, CATEGORY, NAME) VALUES
(47.0000000000000000000, 'POINT (-75.6608494 39.6278035)', 'Automotive', 'Level crossing:540-879C'),
(48.0000000000000000000, 'POINT (-75.6606911 39.6303821)', 'Automotive', '"Stop" sign'),
(49.0000000000000000000, 'POINT (-75.6604069 39.5898185)', 'Automotive', 'Level crossing:540-872E'),
(50.0000000000000000000, 'POINT (-75.6603272 39.6321729)', 'Automotive', 'Parking');
INSERT INTO PUBLIC.DELAWARE_POINTS(DELAWARE_POINTS_ID, THE_GEOM, CATEGORY, NAME) VALUES
(93.0000000000000000000, 'POINT (-75.6192432 39.652048)', 'Automotive', 'Fuel'),
(94.0000000000000000000, 'POINT (-75.6170293 39.6310289)', 'Automotive', 'Parking'),
(95.0000000000000000000, 'POINT (-75.5972918653992 39.6745955)', 'Automotive', 'Parking'),
(96.0000000000000000000, 'POINT (-75.5971636 39.6748248)', 'Automotive', 'Parking');
INSERT INTO PUBLIC.DELAWARE_POINTS(DELAWARE_POINTS_ID, THE_GEOM, CATEGORY, NAME) VALUES
(139.0000000000000000000, 'POINT (-75.542622 39.7646358)', 'Automotive', 'Level crossing'),
(140.0000000000000000000, 'POINT (-75.5398835 39.8038981)', 'Automotive', '"Stop" sign'),
(141.0000000000000000000, 'POINT (-75.5397457 39.8037585)', 'Automotive', '"Stop" sign'),
(142.0000000000000000000, 'POINT (-75.536149 39.793256)', 'Automotive', '"Stop" sign');
CREATE CACHED TABLE PUBLIC.DELAWARE_WATER(
    DELAWARE_WATER_ID DECIMAL(38, 19) NOT NULL,
    THE_GEOM GEOMETRY,
    "NATURAL" VARCHAR(9),
    NAME VARCHAR(16) COMMENT STRINGDECODE('\u041d\u0430\u0438\u043c\u0435\u043d\u043e\u0432\u0430\u043d\u0438\u0435')
);
ALTER TABLE PUBLIC.DELAWARE_WATER ADD CONSTRAINT PUBLIC.DELAWARE_WATER_PK PRIMARY KEY(DELAWARE_WATER_ID);
-- 925 +/- SELECT COUNT(*) FROM PUBLIC.DELAWARE_WATER;
INSERT INTO PUBLIC.DELAWARE_WATER(DELAWARE_WATER_ID, THE_GEOM, "NATURAL", NAME) VALUES
(1.0000000000000000000, 'MULTIPOLYGON (((-75.7718828 38.6922499, -75.7715634 38.6930225, -75.771891 38.6930202, -75.7718828 38.6922499)))', 'shoreline', NULL),
(2.0000000000000000000, 'MULTIPOLYGON (((-75.77133 38.6913136, -75.7712274 38.6922542, -75.7717112 38.6914805, -75.77133 38.6913136)))', 'shoreline', NULL),
(3.0000000000000000000, 'MULTIPOLYGON (((-75.7700027 38.6897813, -75.7702278 38.6907197, -75.7705472 38.6899471, -75.7700027 38.6897813)))', 'shoreline', NULL),
(4.0000000000000000000, 'MULTIPOLYGON (((-75.6363827 39.6992543, -75.6347206 39.6992634, -75.6347229 39.6995201, -75.6343906 39.699522, -75.6345065 39.6996898, -75.636385 39.699511, -75.6363827 39.6992543)))', 'shoreline', NULL),
(5.0000000000000000000, 'MULTIPOLYGON (((-75.6340593 39.6996518, -75.6304133 39.7008275, -75.6304156 39.7010844, -75.6284213 39.7010952, -75.6284165 39.7005817, -75.6240894 39.6999625, -75.6230956 39.7003536, -75.6277552 39.7009698, -75.6284247 39.7014798, -75.6304192 39.7014691, -75.6343952 39.7000355, -75.6340593 39.6996518)))', 'shoreline', NULL),
(6.0000000000000000000, 'MULTIPOLYGON (((-75.6297273 39.6985203, -75.6290627 39.6985239, -75.629065 39.6987805, -75.6287325 39.6987824, -75.628735 39.6990391, -75.6297299 39.6987769, -75.6297273 39.6985203)))', 'shoreline', NULL),
(7.0000000000000000000, 'MULTIPOLYGON (((-75.6270659 39.6982778, -75.625741 39.6987985, -75.6257433 39.6990553, -75.626408 39.6990517, -75.6270659 39.6982778)))', 'shoreline', NULL),
(8.0000000000000000000, 'MULTIPOLYGON (((-75.6241241 38.621218, -75.6237966 38.6212197, -75.6237989 38.6214766, -75.6241241 38.621218)))', 'shoreline', NULL),
(9.0000000000000000000, 'MULTIPOLYGON (((-75.5637877 39.5622668, -75.5866187 39.5777488, -75.5880777 39.5768226, -75.5921976 39.5614728, -75.5946867 39.5577672, -75.5728857 39.5608773, -75.5637877 39.5622668)))', 'shoreline', NULL),
(10.0000000000000000000, 'MULTIPOLYGON (((-75.5693673 39.5848326, -75.5686291 39.5847466, -75.5680712 39.584826, -75.5676328 39.5849523, -75.5671357 39.5851832, -75.5668782 39.5854147, -75.5667579 39.5859637, -75.5662774 39.5868567, -75.5657109 39.5869823, -75.565565 39.5872205, -75.5657023 39.587366, -75.5657109 39.5875645, -75.5645007 39.589218, -75.5654361 39.5904484, -75.5669925 39.5916732, -75.5682515 39.5926641, -75.5693158 39.5933255, -75.5703027 39.5938877, -75.5705775 39.5940001, -75.5706977 39.5941588, -75.5711011 39.5941787, -75.5716075 39.5944762, -75.5724229 39.5943771, -75.5728005 39.5945226, -75.5731782 39.5948137, -75.5734786 39.5952899, -75.5735129 39.5956338, -75.5737275 39.5957396, -75.5741223 39.5961298, -75.5744742 39.5963348, -75.575693 39.5968838, -75.5768431 39.5971813, -75.5769375 39.5973467, -75.5771865 39.5974724, -75.5775813 39.5983321, -75.5780104 39.5986892, -75.5785512 39.5988612, -75.5791262 39.5988745, -75.5797441 39.5994829, -75.5803279 39.5997805, -75.5806883 39.5998202, -75.5806946 39.5991403, -75.5805081 39.5988348, -75.5800253 39.5985013, -75.5793322 39.5973004, -75.5791691 39.5966523, -75.5793666 39.5950981, -75.5791949 39.5942779, -75.5789632 39.5935173, -75.5785082 39.5928692, -75.577607 39.5908783, -75.5766972 39.5894562, -75.5753153 39.5876439, -75.5737961 39.5862614, -75.5729549 39.5860894, -75.5719422 39.5855669, -75.5693673 39.5848326)))', 'shoreline', NULL),
(11.0000000000000000000, 'MULTIPOLYGON (((-75.5692643 39.50033, -75.5689327 39.5003316, -75.5689347 39.5005885, -75.5682719 39.5005917, -75.5682762 39.5011052, -75.5692684 39.5008437, -75.5692643 39.50033)))', 'shoreline', NULL),
(12.0000000000000000000, 'MULTIPOLYGON (((-75.5684093 39.5899687, -75.5683473 39.5898194, -75.5682776 39.589694, -75.5682233 39.5895746, -75.5681381 39.5894552, -75.5680219 39.5893418, -75.5679057 39.5888283, -75.5678127 39.5887447, -75.5677197 39.5887088, -75.5675957 39.5887088, -75.5673556 39.5887626, -75.5672083 39.5887626, -75.5670765 39.5887566, -75.5669449 39.5887327, -75.5668287 39.5887626, -75.566728 39.5888044, -75.5666815 39.5888701, -75.5666195 39.5889775, -75.5665962 39.589079, -75.5665575 39.5891566, -75.5664955 39.5892164, -75.5663793 39.5893418, -75.5663328 39.5894313, -75.5663948 39.589491, -75.5664723 39.5895506, -75.5666892 39.5897299, -75.566728 39.5897896, -75.5668984 39.5900403, -75.5669217 39.590112, -75.5669836 39.5901717, -75.5670534 39.5902016, -75.5671464 39.5901777, -75.5672703 39.5901418, -75.567433 39.5901179, -75.5676267 39.5901359, -75.5678979 39.5901477, -75.5680994 39.5901299, -75.5682621 39.5901179, -75.5683473 39.5900583, -75.5684093 39.5899687)))', 'water', NULL);
INSERT INTO PUBLIC.DELAWARE_WATER(DELAWARE_WATER_ID, THE_GEOM, "NATURAL", NAME) VALUES
(13.0000000000000000000, 'MULTIPOLYGON (((-75.5673423 39.5085569, -75.566352 39.5090754, -75.5642227 39.5121674, -75.564392 39.5126802, -75.563729 39.5126834, -75.5630762 39.5139705, -75.5620828 39.5141033, -75.5606132 39.5168072, -75.5611325 39.5196295, -75.5621252 39.5193679, -75.562121 39.5188542, -75.5624525 39.5188526, -75.5624504 39.5185959, -75.5621189 39.5185976, -75.5624463 39.5180824, -75.5631095 39.5180791, -75.5635867 39.5155089, -75.5649023 39.5142184, -75.566856 39.5098433, -75.5667981 39.5091606, -75.5673423 39.5085569)))', 'shoreline', NULL),
(14.0000000000000000000, 'MULTIPOLYGON (((-75.5418113 39.6346913, -75.5431881 39.6354928, -75.5431634 39.6357151, -75.5435764 39.6358632, -75.5435703 39.6361429, -75.5438528 39.6362003, -75.54385 39.6363601, -75.5443471 39.6364315, -75.5445851 39.6367989, -75.5452213 39.6370129, -75.545352 39.6368047, -75.5458399 39.6370633, -75.5462342 39.6373032, -75.5466911 39.6371847, -75.5462009 39.6369123, -75.5425216 39.6347331, -75.5418113 39.6346913)))', 'water', NULL),
(15.0000000000000000000, 'MULTIPOLYGON (((-75.5407835 39.4745426, -75.5396387 39.4749393, -75.5393961 39.4749365, -75.5390039 39.4751022, -75.5387975 39.4754853, -75.5387663 39.4766987, -75.5385909 39.4773067, -75.5386161 39.4785291, -75.5387116 39.4784012, -75.5391111 39.4794352, -75.539427 39.4796994, -75.5395559 39.4796968, -75.5396595 39.4792444, -75.5398924 39.4791034, -75.5396605 39.4790345, -75.539703 39.478679, -75.540011 39.4785003, -75.5398417 39.4783629, -75.5399122 39.4781523, -75.5396012 39.4778618, -75.5399395 39.4778433, -75.5399791 39.478093, -75.5402414 39.4780506, -75.5403151 39.4779202, -75.5404566 39.4780579, -75.5406433 39.4780223, -75.5408315 39.4778168, -75.5407612 39.4776446, -75.5404266 39.4776444, -75.5403575 39.4775525, -75.54003 39.4777684, -75.5399862 39.4775002, -75.5402435 39.477393, -75.5402448 39.4774794, -75.5405083 39.4775172, -75.540598 39.4773898, -75.5404523 39.4772336, -75.5407958 39.4772892, -75.5410277 39.4770834, -75.5408407 39.4768288, -75.5406862 39.4768858, -75.5405841 39.476723, -75.5403995 39.4768976, -75.5406751 39.4769476, -75.540681 39.4770741, -75.5403018 39.4770218, -75.5402718 39.4766116, -75.5401623 39.4765328, -75.5399748 39.4766024, -75.5399546 39.4764547, -75.5406768 39.4764916, -75.5408485 39.4767214, -75.5411314 39.4764267, -75.5412996 39.4764218, -75.541078 39.4769108, -75.5415619 39.4768543, -75.5416944 39.4769524, -75.5414912 39.4770391, -75.5417927 39.4772216, -75.5417186 39.4773304, -75.5413881 39.4770709, -75.5412933 39.4771242, -75.541399 39.4772653, -75.5413217 39.4774296, -75.5417485 39.477469, -75.5417368 39.477747, -75.542057 39.4775438, -75.5419644 39.4773498, -75.5423239 39.4772422, -75.5422184 39.477078, -75.5425352 39.4771012, -75.5427115 39.4773345, -75.5422472 39.4773595, -75.5421555 39.4776452, -75.5423416 39.4777014, -75.5423594 39.4778279, -75.5426222 39.4778132, -75.5426113 39.4780099, -75.5428084 39.4779968, -75.5428852 39.4782013, -75.5426248 39.4782914, -75.5425262 39.4785453, -75.5422148 39.4785131, -75.5423983 39.4787297, -75.5422727 39.478771, -75.5426925 39.4789644, -75.542866 39.4785195, -75.5430233 39.4786403, -75.5428177 39.4758129, -75.542547 39.4754941, -75.5425866 39.475174, -75.5425642 39.474629, -75.5426091 39.4745058, -75.5423832 39.4744391, -75.5424342 39.4742496, -75.54183 39.4740954, -75.5415753 39.4742205, -75.5414945 39.4738996, -75.5413362 39.473869, -75.5407764 39.4740239, -75.5406806 39.4742006, -75.5403863 39.4741624, -75.5407835 39.4745426)))', 'water', NULL),
(16.0000000000000000000, 'MULTIPOLYGON (((-75.5415031 39.4940117, -75.541041 39.4943039, -75.5408407 39.4952258, -75.5406791 39.495346, -75.5408359 39.4954352, -75.5409206 39.4964263, -75.5409974 39.4954618, -75.5411462 39.4944776, -75.5416675 39.4939247, -75.5417973 39.4939393, -75.541664 39.495323, -75.5417461 39.495392, -75.5417913 39.4953176, -75.5420775 39.4929398, -75.5421047 39.4910172, -75.5418322 39.4909971, -75.5418615 39.4908484, -75.5414035 39.4912593, -75.5410474 39.491259, -75.5407475 39.4913944, -75.540375 39.4913212, -75.5400458 39.4914042, -75.5394751 39.4912137, -75.5398423 39.4909048, -75.5391099 39.4906774, -75.5398378 39.4905296, -75.5400611 39.4908488, -75.5407187 39.4907417, -75.5407703 39.4905771, -75.5403835 39.4903327, -75.5398766 39.4903354, -75.5397327 39.4901272, -75.5398786 39.4898493, -75.539338 39.4897955, -75.5388126 39.4894703, -75.5381567 39.4894604, -75.5379544 39.4895765, -75.537926 39.4908285, -75.538223 39.4927805, -75.5383195 39.4929036, -75.5385698 39.4929153, -75.538742 39.4929767, -75.5390825 39.4928409, -75.5393911 39.4928364, -75.5398318 39.4926212, -75.539891 39.4922087, -75.5402634 39.4917968, -75.5405055 39.4917143, -75.5412116 39.491839, -75.5415442 39.4917818, -75.5416038 39.4918529, -75.5415031 39.4940117)))', 'water', NULL);
INSERT INTO PUBLIC.DELAWARE_WATER(DELAWARE_WATER_ID, THE_GEOM, "NATURAL", NAME) VALUES
(17.0000000000000000000, 'MULTIPOLYGON (((-75.5365457 39.4736245, -75.5368811 39.4742571, -75.5372182 39.4743161, -75.5385094 39.4742029, -75.5391378 39.4740057, -75.5395788 39.4737083, -75.539575 39.4735549, -75.5395027 39.4733678, -75.5389397 39.4732867, -75.538887 39.472782, -75.5387044 39.4729551, -75.5383398 39.4727676, -75.538107 39.4726825, -75.5373648 39.4727097, -75.5372088 39.4728527, -75.5370015 39.4728205, -75.5366752 39.4729344, -75.5362713 39.4730061, -75.5365457 39.4736245)))', 'water', NULL),
(18.0000000000000000000, 'MULTIPOLYGON (((-75.5332245 39.4881376, -75.5336159 39.4885057, -75.5341685 39.4886946, -75.5347521 39.4886999, -75.5349285 39.4886651, -75.5347412 39.4886441, -75.5347639 39.4883575, -75.5345209 39.4882288, -75.5347608 39.488148, -75.5347427 39.4879859, -75.5345536 39.4879963, -75.5345351 39.4878987, -75.5348932 39.487583, -75.5345044 39.4876423, -75.534246 39.4875416, -75.5346664 39.487475, -75.5348616 39.4866614, -75.5345305 39.4866679, -75.5345552 39.486968, -75.5339514 39.4869715, -75.533868 39.4868169, -75.5341433 39.4868441, -75.5343201 39.4866085, -75.5340296 39.4864646, -75.534987 39.4860021, -75.5352015 39.48618, -75.5369532 39.4857192, -75.5356484 39.4858582, -75.5354916 39.4856135, -75.5349156 39.4852922, -75.5350239 39.485148, -75.5347921 39.4851623, -75.5344491 39.4848284, -75.5339625 39.485315, -75.534017 39.4854695, -75.5342301 39.4852494, -75.5343395 39.485396, -75.5341578 39.4855795, -75.5341049 39.4860029, -75.5338527 39.4858585, -75.5336879 39.4859875, -75.5331565 39.4878206, -75.5332245 39.4881376)))', 'water', NULL),
(19.0000000000000000000, 'MULTIPOLYGON (((-75.5355674 39.6014115, -75.5355714 39.601925, -75.5352395 39.6019265, -75.5353588 39.6026081, -75.5359093 39.6026939, -75.5367829 39.6014932, -75.5355674 39.6014115)))', 'shoreline', NULL),
(20.0000000000000000000, 'MULTIPOLYGON (((-75.5345813 39.6026999, -75.5342633 39.6044989, -75.5339315 39.6045005, -75.5339354 39.605014, -75.5336034 39.6050155, -75.5336054 39.6052723, -75.5342692 39.6052694, -75.5351331 39.6027848, -75.5345813 39.6026999)))', 'shoreline', NULL),
(21.0000000000000000000, 'MULTIPOLYGON (((-75.526881 39.4913832, -75.5271431 39.4909917, -75.5260329 39.4889448, -75.525846 39.4872176, -75.5260155 39.4866606, -75.5263298 39.4866253, -75.5265884 39.4868106, -75.5271437 39.4882714, -75.5277672 39.4891914, -75.5283802 39.4897187, -75.5285629 39.4894348, -75.5283127 39.4892284, -75.5283428 39.4891225, -75.5289818 39.4890015, -75.5299869 39.4890981, -75.5303339 39.4889919, -75.5290562 39.4889345, -75.5283098 39.489032, -75.5280392 39.4889411, -75.5273779 39.4879466, -75.5272795 39.4874266, -75.5276995 39.487524, -75.5281059 39.4874099, -75.5283548 39.4871845, -75.5276796 39.4874521, -75.5272808 39.4872673, -75.5268614 39.4865587, -75.5261924 39.4863141, -75.5268654 39.4854431, -75.5268187 39.4853273, -75.526562 39.4856272, -75.526646 39.4854311, -75.5265365 39.4845019, -75.5268057 39.4833008, -75.5277128 39.4823157, -75.5278776 39.4817612, -75.5281159 39.4816475, -75.5277745 39.4817175, -75.5276726 39.4821845, -75.5266531 39.4832625, -75.5263267 39.4844656, -75.5263262 39.4855221, -75.5262036 39.4858828, -75.5258205 39.4861664, -75.5250447 39.4845514, -75.5250408 39.4839661, -75.5258142 39.4833467, -75.5262525 39.4823534, -75.5266572 39.4817943, -75.5282098 39.4803466, -75.5286188 39.4802892, -75.5299982 39.4808225, -75.5299801 39.4807125, -75.5286541 39.4802172, -75.5282527 39.4802284, -75.5277249 39.4805173, -75.5282587 39.4799569, -75.529409 39.4793013, -75.5305922 39.4790425, -75.5310582 39.4790604, -75.5314839 39.4792537, -75.5320707 39.4791098, -75.5324292 39.4791367, -75.5327667 39.4793248, -75.5331937 39.4799564, -75.5336608 39.48031, -75.5326219 39.4790969, -75.532081 39.4790152, -75.5315437 39.479145, -75.530841 39.4789328, -75.5298545 39.4790367, -75.5304197 39.4788004, -75.5320656 39.4784441, -75.5336685 39.47788, -75.5336371 39.4777698, -75.5320114 39.4783701, -75.5301718 39.4787435, -75.5283548 39.4796409, -75.5277454 39.4801371, -75.5263815 39.4816317, -75.525823 39.4824646, -75.525587 39.4831949, -75.5246834 39.4837604, -75.5244675 39.4832026, -75.5245044 39.4825821, -75.5245917 39.4824495, -75.5250632 39.4822768, -75.5254987 39.4812703, -75.5267733 39.4799561, -75.527723 39.4792195, -75.5295332 39.4783046, -75.5284692 39.4786726, -75.5268966 39.4797129, -75.5253848 39.4812, -75.5249945 39.4821586, -75.5245446 39.4822879, -75.5247044 39.4816771, -75.5251707 39.4810528, -75.5255868 39.4801524, -75.5267376 39.47881, -75.5285554 39.4776552, -75.5297458 39.4765052, -75.52835 39.4776687, -75.5269577 39.4785185, -75.5273782 39.4779097, -75.527268 39.4778092, -75.5259121 39.4795672, -75.5255949 39.4797947, -75.5257869 39.4790129, -75.5265986 39.477707, -75.5264782 39.47776, -75.5260558 39.4782369, -75.525332 39.4798359, -75.5247779 39.4802708, -75.5243838 39.4781156, -75.5247285 39.4770948, -75.5246193 39.4770633, -75.5242707 39.4781079, -75.5245869 39.4802725, -75.5242044 39.4818555, -75.5240551 39.480244, -75.5231856 39.4793843, -75.5232144 39.4772865, -75.5230532 39.4792683, -75.5239543 39.4802503, -75.5240518 39.4821593, -75.5239409 39.4826559, -75.5232522 39.4821605, -75.5234586 39.4836987, -75.5239361 39.4849036, -75.5224209 39.4855513, -75.5219082 39.4853835, -75.5216775 39.4854268, -75.5211202 39.4857559, -75.5211099 39.4860731, -75.521225 39.4862284, -75.5211863 39.4858104, -75.5218309 39.4854715, -75.5225209 39.4855941, -75.5240075 39.4850179, -75.5243866 39.4855937, -75.5245094 39.48648, -75.5245661 39.4873745, -75.524236 39.4882276, -75.5245311 39.4885231, -75.5245744 39.488911, -75.5250048 39.4897064, -75.5249252 39.4898367, -75.5250621 39.4899083, -75.5250752 39.4902317, -75.5254931 39.4909198, -75.5253746 39.4910982, -75.525678 39.4914449, -75.5248 39.491616, -75.5255172 39.4915645, -75.5256132 39.4916836, -75.5259415 39.4917398, -75.5258955 39.492119, -75.5260173 39.4922742, -75.5262345 39.4918991, -75.5261302 39.491706, -75.526881 39.4913832)))', 'water', NULL);
INSERT INTO PUBLIC.DELAWARE_WATER(DELAWARE_WATER_ID, THE_GEOM, "NATURAL", NAME) VALUES
(22.0000000000000000000, 'MULTIPOLYGON (((-75.526832 39.5345358, -75.5269098 39.5348799, -75.5267643 39.5351276, -75.5268873 39.5354748, -75.527134 39.5358339, -75.5279099 39.5361093, -75.5281813 39.5361051, -75.5284243 39.5363654, -75.5288694 39.5364652, -75.5286101 39.5366738, -75.5280566 39.5367711, -75.5271488 39.5362059, -75.5267096 39.5357011, -75.5264726 39.5355271, -75.525997 39.5352773, -75.5257123 39.5350887, -75.5247372 39.535143, -75.5237719 39.5353261, -75.523676 39.5351215, -75.523551 39.5354076, -75.5229653 39.5354845, -75.5223957 39.535754, -75.5221896 39.5357174, -75.5206532 39.5342651, -75.5208282 39.5337577, -75.5197167 39.5332464, -75.519377 39.5328541, -75.5196909 39.5333507, -75.5207645 39.5338277, -75.5205536 39.5341414, -75.5205915 39.5343478, -75.521919 39.5357592, -75.5211154 39.5356517, -75.5203705 39.5353191, -75.5189768 39.5342106, -75.5188274 39.5340441, -75.5187895 39.5336568, -75.5178671 39.5327502, -75.5180029 39.5325154, -75.5184179 39.5326756, -75.5185978 39.5326321, -75.5186498 39.5324818, -75.5184805 39.5321937, -75.5186498 39.5318607, -75.5183407 39.5322429, -75.5184308 39.5325856, -75.5181113 39.5324346, -75.5177088 39.5325438, -75.5173655 39.5323094, -75.5186158 39.5335905, -75.5186624 39.5340495, -75.5175818 39.5329086, -75.5167793 39.5322771, -75.516228 39.5325697, -75.5160493 39.5329354, -75.5177992 39.5343558, -75.5163191 39.5340876, -75.5158825 39.5342478, -75.5146406 39.5340951, -75.5145594 39.5341759, -75.5140791 39.5341409, -75.5124403 39.5335618, -75.512096 39.5333151, -75.5118143 39.5332553, -75.5112127 39.5328042, -75.5107414 39.5319741, -75.5108033 39.5317982, -75.5106406 39.5318448, -75.5104253 39.5316078, -75.5104519 39.5312172, -75.510834 39.5315293, -75.5109621 39.531473, -75.5104771 39.5311261, -75.5104704 39.5309836, -75.5106519 39.5309606, -75.5106779 39.5303703, -75.5103886 39.5307306, -75.5102651 39.5312687, -75.5100871 39.531076, -75.5102716 39.5306074, -75.5101952 39.5303442, -75.510473 39.5301297, -75.5104707 39.5302902, -75.5106178 39.5302764, -75.5106516 39.529752, -75.5105248 39.5297371, -75.5104946 39.530035, -75.5101462 39.530293, -75.510169 39.5307598, -75.509978 39.5310751, -75.5095753 39.5305057, -75.5097069 39.5300182, -75.5095094 39.5301172, -75.5093913 39.5304525, -75.5081586 39.5292308, -75.5078264 39.5293933, -75.5074506 39.5288718, -75.5069158 39.5289515, -75.5066362 39.5288059, -75.5060697 39.5287461, -75.5059462 39.5291455, -75.5061294 39.5288665, -75.5068536 39.5290355, -75.5073422 39.5289186, -75.5077187 39.5294347, -75.5082527 39.529434, -75.5083639 39.5297749, -75.5086515 39.5298884, -75.5090136 39.5304213, -75.5080328 39.5308136, -75.5078828 39.5307199, -75.5079006 39.5308165, -75.5080828 39.5308479, -75.5090095 39.5305056, -75.5091939 39.5305478, -75.5098196 39.5314812, -75.5093447 39.5318341, -75.5098106 39.5315889, -75.510012 39.5316548, -75.5106671 39.5324906, -75.5107826 39.5330856, -75.5102493 39.5331811, -75.5099821 39.5331047, -75.50993 39.533291, -75.509494 39.5334463, -75.5086939 39.533136, -75.5091871 39.5335075, -75.5080789 39.5337232, -75.5079002 39.533456, -75.5078572 39.5330079, -75.5081477 39.5328903, -75.5081737 39.5324275, -75.5084646 39.5323422, -75.5087156 39.5323885, -75.5088013 39.5325331, -75.508923 39.5324754, -75.5084717 39.5321118, -75.5083245 39.5315858, -75.5084804 39.5315441, -75.5088198 39.5317431, -75.508875 39.5315912, -75.5092116 39.5315983, -75.5089286 39.5315059, -75.5087293 39.5316167, -75.5085242 39.5314447, -75.508182 39.5314523, -75.5080262 39.5316801, -75.5080727 39.5318755, -75.5079143 39.5319308, -75.5079944 39.5315494, -75.5076525 39.5313706, -75.5076158 39.5311736, -75.5073956 39.5314915, -75.5075223 39.5318601, -75.507364 39.5319186, -75.5074862 39.5323243, -75.5073048 39.5332675, -75.5070597 39.5332542, -75.5068137 39.5330205, -75.5070795 39.5333757, -75.5067404 39.5335929, -75.5058477 39.5334434, -75.5059739 39.5332266, -75.5054873 39.5331522, -75.5056778 39.5333879, -75.5052507 39.5335148, -75.5051828 39.533631, -75.5044791 39.5335538, -75.5044978 39.5333287, -75.5042555 39.5332291, -75.5044237 39.5330196, -75.5041186 39.5326987, -75.5041678 39.5329386, -75.5043609 39.5330803, -75.5041515 39.5332561, -75.5045847 39.5337656, -75.5042287 39.533781, -75.5040207 39.5339801, -75.5056862 39.5340826, -75.506704 39.5342695, -75.5065688 39.5353395, -75.5062746 39.5354894, -75.5051942 39.5353009, -75.5049128 39.535015, -75.5050064 39.5349027, -75.5045081 39.535029, -75.5041327 39.534826, -75.5044547 39.5350926, -75.5039842 39.5354503, -75.503888 39.5359372, -75.5030981 39.5360114, -75.5038823 39.5361099, -75.5040269 39.5359655, -75.5041069 39.5354745, -75.5047541 39.5351342, -75.5051554 39.5354316, -75.5059685 39.5356541, -75.5058666 39.5359369, -75.5061209 39.5356654, -75.506421 39.5357427, -75.5060785 39.5368765, -75.5061645 39.5373866, -75.5060342 39.5375056, -75.5056598 39.5374106, -75.5047653 39.5374969, -75.5045794 39.5377187, -75.5046361 39.5381426, -75.5044311 39.5383448, -75.5039677 39.5385119, -75.5029332 39.5383086, -75.5039143 39.5385851, -75.5044458 39.5384881, -75.5045939 39.5389014, -75.5045078 39.5391007, -75.5046708 39.5389519, -75.5045776 39.5383848, -75.5047951 39.5381629, -75.5047442 39.537617, -75.5055074 39.537577, -75.5060014 39.5377121, -75.5062776 39.5375508, -75.5063653 39.5372587, -75.5064796 39.5376679, -75.506154 39.5380843, -75.5062813 39.5380598, -75.5065343 39.5383414, -75.506601 39.5385901, -75.5067194 39.5384848, -75.5067804 39.5386326, -75.5070982 39.5386975, -75.5073216 39.5389389, -75.5075729 39.5388079, -75.508139 39.5389605, -75.5081075 39.538829, -75.5077677 39.538852, -75.507653 39.5387156, -75.5073199 39.5388399, -75.5071326 39.5386116, -75.5068716 39.538604, -75.5068181 39.5383992, -75.5064519 39.5381059, -75.5066298 39.5376025, -75.5064112 39.5367473, -75.5065082 39.5364428, -75.5076486 39.5342614, -75.508653 39.5340863, -75.508276 39.5344409, -75.5081146 39.5348461, -75.5074646 39.5355791, -75.5068653 39.5365242, -75.5080473 39.5351395, -75.5085167 39.534377, -75.5089305 39.5340943, -75.5104264 39.5337433, -75.511184 39.5337747, -75.5136249 39.5346281, -75.5135721 39.5358423, -75.5137739 39.5347255, -75.5155447 39.534853, -75.5149365 39.5352664, -75.5151045 39.535915, -75.5147234 39.5364196, -75.5146676 39.5367372, -75.5142209 39.5371829, -75.514121 39.5382728, -75.51441 39.5384514, -75.514056 39.5386092, -75.5136561 39.5385792, -75.5140942 39.5387593, -75.5144509 39.5385444, -75.5146338 39.538253, -75.5148792 39.5382624, -75.5155769 39.5385818, -75.5158738 39.5391872, -75.5161061 39.5391626, -75.5160895 39.5390197, -75.5158423 39.5390798, -75.515742 39.5386111, -75.5153763 39.5383385, -75.5148078 39.5380927, -75.5145943 39.5381377, -75.5144509 39.5383392, -75.5141875 39.53825, -75.5143138 39.5372185, -75.5147011 39.5368513, -75.5148064 39.5364787, -75.5152377 39.5358953, -75.5150795 39.5352885, -75.5156623 39.5349715, -75.516613 39.5349439, -75.5174026 39.5350362, -75.5182986 39.5354006, -75.5176649 39.5354557, -75.5173384 39.535915, -75.5163113 39.5362218, -75.5167695 39.5362227, -75.5173017 39.5360271, -75.5174028 39.5370334, -75.5169053 39.5376258, -75.5172878 39.5379326, -75.5173837 39.538351, -75.5178818 39.5385599, -75.5181714 39.5388676, -75.5176381 39.539428, -75.5173343 39.5394703, -75.5185855 39.5399436, -75.5185492 39.5398306, -75.5177346 39.5395053, -75.5182384 39.5387938, -75.5179332 39.5385149, -75.517448 39.5383145, -75.5174036 39.5379588, -75.5169887 39.5375828, -75.5173298 39.537405, -75.5175056 39.5370982, -75.517421 39.5361351, -75.5177805 39.5356333, -75.5186715 39.5356454, -75.5188882 39.5357673, -75.5188406 39.5360237, -75.5190344 39.5358352, -75.520812 39.5366257, -75.5205395 39.5372336, -75.5207848 39.5378179, -75.5197983 39.5380376, -75.5198954 39.5381077, -75.5208863 39.5378827, -75.5207038 39.5371647, -75.5208818 39.536812, -75.5210944 39.5366821, -75.5228616 39.5368134, -75.5238678 39.536739, -75.5244831 39.5364983, -75.5248314 39.5361838, -75.5248605 39.5363341, -75.5251672 39.5360684, -75.5257369 39.5359181, -75.5264499 39.5364013, -75.5269346 39.5369974, -75.5276096 39.537474, -75.5281119 39.5377652, -75.5283668 39.5377749, -75.5288592 39.5375206, -75.5291424 39.5376592, -75.5295371 39.537632, -75.530084 39.5377835, -75.5306522 39.5377462, -75.5310423 39.5372513, -75.5308857 39.5366586, -75.5289112 39.5361251, -75.5281465 39.5357145, -75.5276327 39.5351643, -75.5273022 39.5343831, -75.526832 39.5345358)))', 'water', NULL);
CREATE CACHED TABLE PUBLIC.GOOD COMMENT STRINGDECODE('\u0422\u043e\u0432\u0430\u0440\u044b')(
    GOOD_ID DECIMAL(38, 19) NOT NULL COMMENT STRINGDECODE('Id \u0442\u043e\u0432\u0430\u0440\u0430'),
    GOOD_NAME VARCHAR(100) COMMENT STRINGDECODE('\u041d\u0430\u0438\u043c\u0435\u043d\u043e\u0432\u0430\u043d\u0438\u0435 \u0442\u043e\u0432\u0430\u0440\u0430')
);
ALTER TABLE PUBLIC.GOOD ADD CONSTRAINT PUBLIC.GOOD_PK PRIMARY KEY(GOOD_ID);
-- 4 +/- SELECT COUNT(*) FROM PUBLIC.GOOD;
INSERT INTO PUBLIC.GOOD(GOOD_ID, GOOD_NAME) VALUES
(1.0000000000000000000, 'Compact disks'),
(2.0000000000000000000, 'Condoms'),
(3.0000000000000000000, 'Tanks'),
(4.0000000000000000000, 'Oil');
CREATE CACHED TABLE PUBLIC.GOODORDER COMMENT STRINGDECODE('\u0417\u0430\u043a\u0430\u0437\u044b')(
    ORDER_ID DECIMAL(38, 19) NOT NULL COMMENT STRINGDECODE('\u041a\u043b\u044e\u0447\u0438\u043a'),
    AMOUNT DECIMAL(38, 19) COMMENT STRINGDECODE('\u041a\u043e\u043b\u0438\u0447\u0435\u0441\u0442\u0432\u043e \u0442\u043e\u0432\u0430\u0440\u0430'),
    GOOD DECIMAL(38, 19) COMMENT STRINGDECODE('\u0417\u0430\u043a\u0430\u0437\u0430\u043d\u043d\u044b\u0439 \u0442\u043e\u0432\u0430\u0440'),
    CUSTOMER DECIMAL(38, 19) COMMENT STRINGDECODE('\u0417\u0430\u043a\u0430\u0437\u0447\u0438\u043a'),
    FIELD1 BLOB(4294967295)
);
ALTER TABLE PUBLIC.GOODORDER ADD CONSTRAINT PUBLIC.GOODORDER_PK PRIMARY KEY(ORDER_ID);
-- 3 +/- SELECT COUNT(*) FROM PUBLIC.GOODORDER;
INSERT INTO PUBLIC.GOODORDER(ORDER_ID, AMOUNT, GOOD, CUSTOMER, FIELD1) VALUES
(1.0000000000000000000, 300.0000000000000000000, 1.0000000000000000000, 1.0000000000000000000, NULL),
(2.0000000000000000000, 2345.0000000000000000000, 2.0000000000000000000, 1.0000000000000000000, NULL),
(3.0000000000000000000, 1231.0000000000000000000, 1.0000000000000000000, 2.0000000000000000000, NULL);
CREATE CACHED TABLE PUBLIC.KL_TEST_GRAPH_PIE(
    KL_TEST_GRAPH_PIE_ID DECIMAL(38, 19) NOT NULL,
    NAME VARCHAR(100) COMMENT 'Name',
    DATA DECIMAL(38, 19) COMMENT 'Data'
);
ALTER TABLE PUBLIC.KL_TEST_GRAPH_PIE ADD CONSTRAINT PUBLIC.KL_TEST_GRAPH_PIE_PK PRIMARY KEY(KL_TEST_GRAPH_PIE_ID);
-- 3 +/- SELECT COUNT(*) FROM PUBLIC.KL_TEST_GRAPH_PIE;
INSERT INTO PUBLIC.KL_TEST_GRAPH_PIE(KL_TEST_GRAPH_PIE_ID, NAME, DATA) VALUES
(134242514693655.0000000000000000000, 'FIRST', 20.0000000000000000000),
(134242516226218.0000000000000000000, 'SECOND', 30.0000000000000000000),
(134242517065440.0000000000000000000, 'THREE', 50.0000000000000000000);
CREATE CACHED TABLE PUBLIC.KL_TEST_GRAPH_TIMESERIES(
    KL_TEST_GRAPH_TIMESERIES_ID DECIMAL(38, 19) NOT NULL,
    SERIES1 DECIMAL(38, 19) NOT NULL COMMENT 'S1',
    SERIES2 DECIMAL(38, 19) NOT NULL COMMENT 'S2',
    SERIES3 DECIMAL(38, 19) NOT NULL COMMENT 'S3',
    TIMELINE TIMESTAMP NOT NULL
);
ALTER TABLE PUBLIC.KL_TEST_GRAPH_TIMESERIES ADD CONSTRAINT PUBLIC.KL_TEST_GRAPH_TIMESERIES_PK PRIMARY KEY(KL_TEST_GRAPH_TIMESERIES_ID);
-- 4 +/- SELECT COUNT(*) FROM PUBLIC.KL_TEST_GRAPH_TIMESERIES;
INSERT INTO PUBLIC.KL_TEST_GRAPH_TIMESERIES(KL_TEST_GRAPH_TIMESERIES_ID, SERIES1, SERIES2, SERIES3, TIMELINE) VALUES
(134088723570362.0000000000000000000, 11.0000000000000000000, 15.0000000000000000000, 20.0000000000000000000, TIMESTAMP '2012-06-20 16:40:51.0'),
(134088725475708.0000000000000000000, 5.0000000000000000000, 20.0000000000000000000, 25.0000000000000000000, TIMESTAMP '2012-06-22 16:41:58.0'),
(134088750273306.0000000000000000000, 10.0000000000000000000, 25.0000000000000000000, 30.0000000000000000000, TIMESTAMP '2012-06-24 16:43:15.0'),
(134088754634790.0000000000000000000, 25.0000000000000000000, 30.0000000000000000000, 35.0000000000000000000, TIMESTAMP '2012-06-28 16:45:15.0');
CREATE CACHED TABLE PUBLIC.MAINT_EXEC_METHOD COMMENT STRINGDECODE('\u0421\u043f\u043e\u0441\u043e\u0431\u044b \u0432\u044b\u043f\u043e\u043b\u043d\u0435\u043d\u0438\u044f \u0440\u0435\u043c\u043e\u043d\u0442\u043e\u0432')(
    ID DECIMAL(38, 19) NOT NULL,
    NAME VARCHAR(100) NOT NULL COMMENT STRINGDECODE('\u041d\u0430\u0438\u043c\u0435\u043d\u043e\u0432\u0430\u043d\u0438\u0435'),
    SHORTNAME VARCHAR(100) COMMENT STRINGDECODE('\u0421\u043e\u043a\u0440\u0430\u0449\u0435\u043d\u0438\u0435')
);
ALTER TABLE PUBLIC.MAINT_EXEC_METHOD ADD CONSTRAINT PUBLIC.MAINT_EXEC_METHOD_PK PRIMARY KEY(ID);
-- 2 +/- SELECT COUNT(*) FROM PUBLIC.MAINT_EXEC_METHOD;
INSERT INTO PUBLIC.MAINT_EXEC_METHOD(ID, NAME, SHORTNAME) VALUES
(1.0000000000000000000, STRINGDECODE('\u041f\u043e\u0434\u0440\u044f\u0434\u043d\u044b\u0439'), NULL),
(2.0000000000000000000, STRINGDECODE('\u0421\u043e\u0431\u0441\u0442\u0432\u0435\u043d\u043d\u044b\u0439 \u0441\u0438\u043b\u044b \u043f\u043e\u0434\u0440\u0430\u0437\u0434\u0435\u043b\u0435\u043d\u0438\u044f'), NULL);
CREATE CACHED TABLE PUBLIC.MEASURANDS COMMENT STRINGDECODE('\u0418\u0437\u043c\u0435\u0440\u044f\u0435\u043c\u044b\u0435 \u0432\u0435\u043b\u0438\u0447\u0438\u043d\u044b')(
    ID DECIMAL(38, 19) NOT NULL,
    NAME VARCHAR(100) NOT NULL COMMENT STRINGDECODE('\u041d\u0430\u0438\u043c\u0435\u043d\u043e\u0432\u0430\u043d\u0438\u0435')
);
ALTER TABLE PUBLIC.MEASURANDS ADD CONSTRAINT PUBLIC.MEASURANDS_PK PRIMARY KEY(ID);
-- 13 +/- SELECT COUNT(*) FROM PUBLIC.MEASURANDS;
INSERT INTO PUBLIC.MEASURANDS(ID, NAME) VALUES
(124772604470311.0000000000000000000, STRINGDECODE('\u0414\u043b\u0438\u043d\u0430')),
(124772762495384.0000000000000000000, STRINGDECODE('\u041c\u0430\u0441\u0441\u0430')),
(124772775584390.0000000000000000000, STRINGDECODE('\u0412\u0440\u0435\u043c\u044f')),
(124772776092170.0000000000000000000, STRINGDECODE('\u0421\u0438\u043b\u0430 \u044d\u043b\u0435\u043a\u0442\u0440\u0438\u0447\u0435\u0441\u043a\u043e\u0433\u043e \u0442\u043e\u043a\u0430')),
(124772782771832.0000000000000000000, STRINGDECODE('\u041a\u043e\u043b\u0438\u0447\u0435\u0441\u0442\u0432\u043e \u0432\u0435\u0449\u0435\u0441\u0442\u0432\u0430')),
(124772784578140.0000000000000000000, STRINGDECODE('\u0421\u0438\u043b\u0430 \u0441\u0432\u0435\u0442\u0430')),
(124772785851539.0000000000000000000, STRINGDECODE('\u041f\u043b\u043e\u0449\u0430\u0434\u044c')),
(124772787892110.0000000000000000000, STRINGDECODE('\u041e\u0431\u044a\u0435\u043c, \u0432\u043c\u0435\u0441\u0442\u0438\u043c\u043e\u0441\u0442\u044c')),
(128049695192184.0000000000000000000, STRINGDECODE('\u041c\u043e\u0449\u043d\u043e\u0441\u0442\u044c')),
(128049696157809.0000000000000000000, STRINGDECODE('\u041d\u0430\u043f\u0440\u044f\u0436\u0435\u043d\u0438\u0435 \u044d\u043b\u0435\u043a\u0442\u0440\u0438\u0447\u0435\u0441\u043a\u043e\u0433\u043e \u0442\u043e\u043a\u0430')),
(128049701701571.0000000000000000000, STRINGDECODE('\u0414\u0430\u0432\u043b\u0435\u043d\u0438\u0435')),
(128049702165615.0000000000000000000, STRINGDECODE('\u0427\u0430\u0441\u0442\u043e\u0442\u0430')),
(128049707006272.0000000000000000000, STRINGDECODE('\u0420\u0430\u0441\u0445\u043e\u0434'));
CREATE CACHED TABLE PUBLIC.MS_KINDS COMMENT STRINGDECODE('\u0412\u0438\u0434\u044b \u043c\u0435\u0442\u0440\u043e\u043b\u043e\u0433\u0438\u0447\u0435\u0441\u043a\u043e\u0433\u043e \u043e\u0431\u0441\u043b\u0443\u0436\u0438\u0432\u0430\u043d\u0438\u044f')(
    ID DECIMAL(38, 19) NOT NULL,
    NAME VARCHAR(100) NOT NULL COMMENT STRINGDECODE('\u041d\u0430\u0437\u0432\u0430\u043d\u0438\u0435')
);
ALTER TABLE PUBLIC.MS_KINDS ADD CONSTRAINT PUBLIC.MS_KINDS_PK PRIMARY KEY(ID);
-- 7 +/- SELECT COUNT(*) FROM PUBLIC.MS_KINDS;
INSERT INTO PUBLIC.MS_KINDS(ID, NAME) VALUES
(1.0000000000000000000, STRINGDECODE('\u041f\u043e\u0432\u0435\u0440\u043a\u0430')),
(2.0000000000000000000, STRINGDECODE('\u041a\u0430\u043b\u0438\u0431\u0440\u043e\u0432\u043a\u0430')),
(3.0000000000000000000, STRINGDECODE('\u041f\u0440\u043e\u0432\u0435\u0440\u043a\u0430')),
(4.0000000000000000000, STRINGDECODE('\u0414\u0440\u0443\u0433\u0438\u0435')),
(124954167154656.0000000000000000000, STRINGDECODE('\u0413\u0440\u0430\u0434\u0443\u0438\u0440\u043e\u0432\u043a\u0430')),
(124757715400065242.0000000000000000000, STRINGDECODE('\u043d\u043e\u0432\u0430\u044f \u0437\u0430\u043f\u0438\u0441\u044c 2')),
(124757741770304762.0000000000000000000, STRINGDECODE('\u043d\u043e\u0432\u0430\u044f \u0437\u0430\u043f\u0438\u0441\u044c 1'));
CREATE CACHED TABLE PUBLIC.MTD_ENTITIES COMMENT STRINGDECODE('\u042d\u043b\u0435\u043c\u0435\u043d\u0442\u044b \u043f\u0440\u0438\u043b\u043e\u0436\u0435\u043d\u0438\u044f')(
    MDENT_NAME VARCHAR(150),
    MDENT_TYPE DECIMAL(38, 19) NOT NULL,
    MDENT_CONTENT_TXT CLOB(4294967295) COMMENT STRINGDECODE('\u0421\u043e\u0434\u0435\u0440\u0436\u0438\u043c\u043e\u0435'),
    MDENT_CONTENT_DATA BLOB(4294967295),
    TAG1 VARCHAR(100),
    TAG2 VARCHAR(100),
    TAG3 VARCHAR(100),
    MDENT_ORDER DOUBLE,
    MDENT_CONTENT_TXT_SIZE DECIMAL(38, 19),
    MDENT_CONTENT_TXT_CRC32 DECIMAL(38, 19),
    MDENT_ID VARCHAR(200) NOT NULL,
    MDENT_PARENT_ID VARCHAR(200)
);
INSERT INTO PUBLIC.MTD_ENTITIES(MDENT_NAME, MDENT_TYPE, MDENT_CONTENT_TXT, MDENT_CONTENT_DATA, TAG1, TAG2, TAG3, MDENT_ORDER, MDENT_CONTENT_TXT_SIZE, MDENT_CONTENT_TXT_CRC32, MDENT_ID, MDENT_PARENT_ID) VALUES
('legacy entity 1', 50, 'legacy entity 1 content', NULL, NULL, NULL, NULL, NULL, 1896, 4061411100, '124349292311931632', NULL);
INSERT INTO PUBLIC.MTD_ENTITIES(MDENT_NAME, MDENT_TYPE, MDENT_CONTENT_TXT, MDENT_CONTENT_DATA, TAG1, TAG2, TAG3, MDENT_ORDER, MDENT_CONTENT_TXT_SIZE, MDENT_CONTENT_TXT_CRC32, MDENT_ID, MDENT_PARENT_ID) VALUES
('lagecy entity 2', 50, 'legacy entity 2 content', NULL, NULL, NULL, NULL, NULL, 1143, 3851086996, '124832514140608864', '124349292311931632');
INSERT INTO PUBLIC.MTD_ENTITIES(MDENT_NAME, MDENT_TYPE, MDENT_CONTENT_TXT, MDENT_CONTENT_DATA, TAG1, TAG2, TAG3, MDENT_ORDER, MDENT_CONTENT_TXT_SIZE, MDENT_CONTENT_TXT_CRC32, MDENT_ID, MDENT_PARENT_ID) VALUES
('lagecy entity 3', 70, 'legacy entity 3 content', NULL, NULL, NULL, NULL, NULL, 615, 869060358, '128032313214099', NULL);
INSERT INTO PUBLIC.MTD_ENTITIES(MDENT_NAME, MDENT_TYPE, MDENT_CONTENT_TXT, MDENT_CONTENT_DATA, TAG1, TAG2, TAG3, MDENT_ORDER, MDENT_CONTENT_TXT_SIZE, MDENT_CONTENT_TXT_CRC32, MDENT_ID, MDENT_PARENT_ID) VALUES
('lagecy entity 4', 70, 'legacy entity 4 content', NULL, NULL, NULL, NULL, NULL, 592, 1655896106, '128049551290614', NULL);
INSERT INTO PUBLIC.MTD_ENTITIES(MDENT_NAME, MDENT_TYPE, MDENT_CONTENT_TXT, MDENT_CONTENT_DATA, TAG1, TAG2, TAG3, MDENT_ORDER, MDENT_CONTENT_TXT_SIZE, MDENT_CONTENT_TXT_CRC32, MDENT_ID, MDENT_PARENT_ID) VALUES
('lagecy entity 5', 20, 'legacy entity 5 content', NULL, NULL, NULL, NULL, NULL, 593, 1655896106, '128049551290615', NULL);
INSERT INTO PUBLIC.MTD_ENTITIES(MDENT_NAME, MDENT_TYPE, MDENT_CONTENT_TXT, MDENT_CONTENT_DATA, TAG1, TAG2, TAG3, MDENT_ORDER, MDENT_CONTENT_TXT_SIZE, MDENT_CONTENT_TXT_CRC32, MDENT_ID, MDENT_PARENT_ID) VALUES
('lagecy entity 6', 20, 'legacy entity 6 content', NULL, NULL, NULL, NULL, NULL, 594, 1655896106, '128049551290616', '124349292311931632');
INSERT INTO PUBLIC.MTD_ENTITIES(MDENT_NAME, MDENT_TYPE, MDENT_CONTENT_TXT, MDENT_CONTENT_DATA, TAG1, TAG2, TAG3, MDENT_ORDER, MDENT_CONTENT_TXT_SIZE, MDENT_CONTENT_TXT_CRC32, MDENT_ID, MDENT_PARENT_ID) VALUES
('lagecy entity 7', 20, 'legacy entity 7 content', NULL, NULL, NULL, NULL, NULL, 595, 1655896106, '128049551290617', '124349292311931632');
ALTER TABLE PUBLIC.MTD_ENTITIES ADD CONSTRAINT PUBLIC.MTD_ENTITIES_PK PRIMARY KEY(MDENT_ID);
CREATE INDEX PUBLIC.INDEXPROBA ON PUBLIC.MTD_ENTITIES(TAG2, TAG1);
CREATE UNIQUE INDEX PUBLIC.MTD_ENTITIES_UK221336657663781 ON PUBLIC.MTD_ENTITIES(MDENT_PARENT_ID, MDENT_TYPE, MDENT_NAME);
CREATE CACHED TABLE PUBLIC.MTD_GROUPS(
    MTD_GROUPS_ID DECIMAL(38, 19) NOT NULL,
    USR_NAME VARCHAR(100),
    GROUP_NAME VARCHAR(100)
);
ALTER TABLE PUBLIC.MTD_GROUPS ADD CONSTRAINT PUBLIC.MTD_GROUPS_PK PRIMARY KEY(MTD_GROUPS_ID);
-- 8 +/- SELECT COUNT(*) FROM PUBLIC.MTD_GROUPS;
INSERT INTO PUBLIC.MTD_GROUPS(MTD_GROUPS_ID, USR_NAME, GROUP_NAME) VALUES
(134976518392850.0000000000000000000, 'testuser0', 'default'),
(134976541791764.0000000000000000000, 'testuser1', 'role1'),
(134976544522894.0000000000000000000, 'testuser2', 'role1'),
(134976546549140.0000000000000000000, 'testuser2', 'role2'),
(134976548927451.0000000000000000000, 'testuser3', 'role3'),
(140497960956834.0000000000000000000, 'testuser3', 'role0'),
(140508501955358.0000000000000000000, 'testuser1', 'role10'),
(141658276030745.0000000000000000000, 'ml', 'default');
CREATE CACHED TABLE PUBLIC.MTD_MDCHNGLOG COMMENT STRINGDECODE('\u0416\u0443\u0440\u043d\u0430\u043b \u0438\u0437\u043c\u0435\u043d\u0435\u043d\u0438\u0439 \u043c\u0435\u0442\u0430\u0434\u0430\u043d\u043d\u044b\u0445')(
    MDLOG_ID DECIMAL(38, 19) NOT NULL COMMENT STRINGDECODE('Id \u0416\u0443\u0440\u043d\u0430\u043b\u0430'),
    OPDATE TIMESTAMP COMMENT STRINGDECODE('\u0414\u0430\u0442\u0430/\u0432\u0440\u0435\u043c\u044f \u043e\u043f\u0435\u0440\u0430\u0446\u0438\u0438'),
    OPSESSION_USER VARCHAR(100) NOT NULL COMMENT STRINGDECODE('\u041f\u043e\u043b\u044c\u0437\u043e\u0432\u0430\u0442\u0435\u043b\u044c \u0411\u0414'),
    OPHOST VARCHAR(100) NOT NULL COMMENT STRINGDECODE('\u041a\u043e\u043c\u043f\u044c\u044e\u0442\u0435\u0440-\u0418\u0441\u0442\u043e\u0447\u043d\u0438\u043a \u043e\u043f\u0435\u0440\u0430\u0446\u0438\u0438'),
    OPTERMINAL VARCHAR(100) NOT NULL,
    OPTYPE VARCHAR(100) NOT NULL COMMENT STRINGDECODE('\u0422\u0438\u043f \u043e\u043f\u0435\u0440\u0430\u0446\u0438\u0438'),
    OPOBJTYPE VARCHAR(100) NOT NULL COMMENT STRINGDECODE('\u0422\u0438\u043f \u043e\u0431\u044a\u0435\u043a\u0442\u0430'),
    OPOBJNAME VARCHAR(100) NOT NULL COMMENT STRINGDECODE('\u0418\u043c\u044f \u043e\u0431\u044a\u0435\u043a\u0442\u0430'),
    OPOS_USER VARCHAR(100) NOT NULL COMMENT STRINGDECODE('\u041f\u043e\u043b\u044c\u0437\u043e\u0432\u0430\u0442\u0435\u043b\u044c \u041e\u0421'),
    OP_CLIENT_IP_ADDRESS VARCHAR(100) COMMENT STRINGDECODE('IP-\u0410\u0434\u0440\u0435\u0441'),
    OP_DDL VARCHAR(2048) COMMENT STRINGDECODE('\u041f\u0440\u0435\u0434\u043b\u043e\u0436\u0435\u043d\u0438\u0435 SQL')
);
ALTER TABLE PUBLIC.MTD_MDCHNGLOG ADD CONSTRAINT PUBLIC.MTD_MDCHNGLOG_PK PRIMARY KEY(MDLOG_ID);
-- 0 +/- SELECT COUNT(*) FROM PUBLIC.MTD_MDCHNGLOG;
CREATE CACHED TABLE PUBLIC.MTD_USERS(
    USR_NAME VARCHAR(100),
    USR_PASSWD VARCHAR(100),
    USR_ID DECIMAL(38, 19) NOT NULL,
    USR_GROUP_ID DECIMAL(38, 19) COMMENT STRINGDECODE('\u0413\u0440\u0443\u043f\u043f\u0430 \u043f\u043e\u043b\u044c\u0437\u043e\u0432\u0430\u0442\u0435\u043b\u0435\u0439'),
    USR_FORM VARCHAR(200),
    USR_CONTEXT VARCHAR(200),
    USR_ROLES VARCHAR(200),
    USR_PHONE VARCHAR(100),
    USR_EMAIL VARCHAR(100)
);
ALTER TABLE PUBLIC.MTD_USERS ADD CONSTRAINT PUBLIC.MTD_USERS_PK PRIMARY KEY(USR_ID);
-- 12 +/- SELECT COUNT(*) FROM PUBLIC.MTD_USERS;
INSERT INTO PUBLIC.MTD_USERS(USR_NAME, USR_PASSWD, USR_ID, USR_GROUP_ID, USR_FORM, USR_CONTEXT, USR_ROLES, USR_PHONE, USR_EMAIL) VALUES
('testuser0', '098f6bcd4621d373cade4e832627b4f6', 133189164028292.0000000000000000000, NULL, NULL, NULL, 'default', NULL, NULL),
('testuser1', '098f6bcd4621d373cade4e832627b4f6', 133189165176300.0000000000000000000, NULL, 'FormsAPI', NULL, 'role1', NULL, NULL),
('testuser2', '098f6bcd4621d373cade4e832627b4f6', 133189166327679.0000000000000000000, NULL, NULL, NULL, 'role1 role2', NULL, NULL),
('testuser3', '098f6bcd4621d373cade4e832627b4f6', 133189166828469.0000000000000000000, NULL, NULL, NULL, 'role3', NULL, NULL);
CREATE UNIQUE INDEX PUBLIC.USR_NAME ON PUBLIC.MTD_USERS(USR_NAME);
CREATE CACHED TABLE PUBLIC.MTD_VERSION(
    VERSION_VALUE DECIMAL(38, 19) NOT NULL
);
ALTER TABLE PUBLIC.MTD_VERSION ADD CONSTRAINT PUBLIC.MTD_VERSION_PK PRIMARY KEY(VERSION_VALUE);
-- 1 +/- SELECT COUNT(*) FROM PUBLIC.MTD_VERSION;
INSERT INTO PUBLIC.MTD_VERSION(VERSION_VALUE) VALUES
(3.0000000000000000000);
CREATE CACHED TABLE PUBLIC.MT_CATEGORIES COMMENT STRINGDECODE('\u041a\u0430\u0442\u0435\u0433\u043e\u0440\u0438\u0438 \u0421\u0418')(
    ID DECIMAL(38, 19) NOT NULL,
    NAME VARCHAR(100) NOT NULL COMMENT STRINGDECODE('\u041d\u0430\u0437\u0432\u0430\u043d\u0438\u0435'),
    SHORTNAME VARCHAR(10) COMMENT STRINGDECODE('\u0421\u043e\u043a\u0440\u0430\u0449\u0435\u043d\u0438\u0435'),
    DESCRIPTION VARCHAR(400) COMMENT STRINGDECODE('\u041e\u043f\u0438\u0441\u0430\u043d\u0438\u0435'),
    INTERVERIFYINGINTERVAL DECIMAL(38, 19) COMMENT STRINGDECODE('\u041c\u041f\u0418/\u041c\u041a\u0418'),
    WORKKIND DECIMAL(38, 19) COMMENT STRINGDECODE('\u0412\u0438\u0434 \u0440\u0430\u0431\u043e\u0442\u044b'),
    CREATIONDATE TIMESTAMP
);
ALTER TABLE PUBLIC.MT_CATEGORIES ADD CONSTRAINT PUBLIC.MT_CATEGORIES_PK PRIMARY KEY(ID);
-- 15 +/- SELECT COUNT(*) FROM PUBLIC.MT_CATEGORIES;
INSERT INTO PUBLIC.MT_CATEGORIES(ID, NAME, SHORTNAME, DESCRIPTION, INTERVERIFYINGINTERVAL, WORKKIND, CREATIONDATE) VALUES
(1.0000000000000000000, STRINGDECODE('\u0420\u0430\u0431\u043e\u0447\u0438\u0435 \u044d\u0442\u0430\u043b\u043e\u043d\u044b'), STRINGDECODE('\u042d'), STRINGDECODE('\u041e\u043f\u0438\u0441\u0430\u043d\u0438\u0435 \u0434\u043b\u044f \u0440\u0430\u0431\u043e\u0447\u0438\u0445 \u044d\u0442\u0430\u043b\u043e\u043d\u043e\u0432'), 1.0000000000000000000, 2.0000000000000000000, NULL),
(2.0000000000000000000, STRINGDECODE('\u0420\u0430\u0431\u043e\u0447\u0438\u0435 \u0441\u0440\u0435\u0434\u0441\u0442\u0432\u0430 \u0438\u0437\u043c\u0435\u0440\u0435\u043d\u0438\u0439, \u043f\u043e\u0434\u043b\u0435\u0436\u0430\u0449\u0438\u0435 \u043f\u043e\u0432\u0435\u0440\u043a\u0435'), STRINGDECODE('\u041f'), STRINGDECODE('\u041e\u043f\u0438\u0441\u0430\u043d\u0438\u0435 \u0434\u043b\u044f \u0440\u0430\u0431\u043e\u0447\u0438\u0445 \u0441\u0440\u0435\u0434\u0441\u0442\u0432 \u0438\u0437\u043c\u0435\u0440\u0435\u043d\u0438\u0439, \u043f\u043e\u0434\u043b\u0435\u0436\u0430\u0449\u0438\u0445 \u043f\u043e\u0432\u0435\u0440\u043a\u0435.\n\u0412\u0442\u043e\u0440\u0430\u044f \u0441\u0442\u0440\u043e\u043a\u0430 \u043e\u043f\u0438\u0441\u0430\u043d\u0438\u044f.'), 1.0000000000000000000, 4.0000000000000000000, NULL),
(3.0000000000000000000, STRINGDECODE('\u0421\u0440\u0435\u0434\u0441\u0442\u0432\u0430 \u0438\u0437\u043c\u0435\u0440\u0435\u043d\u0438\u0439, \u043f\u043e\u0434\u043b\u0435\u0436\u0430\u0449\u0438\u0435 \u043a\u0430\u043b\u0438\u0431\u0440\u043e\u0432\u043a\u0435'), STRINGDECODE('\u041a'), NULL, 2.0000000000000000000, 2.0000000000000000000, NULL),
(4.0000000000000000000, STRINGDECODE('\u0418\u043d\u0434\u0438\u043a\u0430\u0442\u043e\u0440\u044b'), STRINGDECODE('\u0418'), NULL, 3.0000000000000000000, 1.0000000000000000000, NULL),
(5.0000000000000000000, STRINGDECODE('\u0429\u0438\u0442\u043e\u0432\u044b\u0435 \u0421\u0418 (\u0438\u043d\u0434\u0438\u043a\u0430\u0442\u043e\u0440\u044b)'), STRINGDECODE('\u0429'), NULL, 5.0000000000000000000, 3.0000000000000000000, NULL),
(6.0000000000000000000, STRINGDECODE('\u041f\u0440\u043e\u0447\u0438\u0435 \u0421\u0418'), STRINGDECODE('\u041f\u0420'), NULL, 6.0000000000000000000, 3.0000000000000000000, NULL),
(124835795901518918.0000000000000000000, 'sadvsadf', NULL, NULL, NULL, 2.0000000000000000000, NULL),
(124835795956244053.0000000000000000000, 'asdfasdfas', NULL, NULL, NULL, 2.0000000000000000000, NULL),
(124835795970388584.0000000000000000000, 'asdfasdf', NULL, NULL, NULL, 2.0000000000000000000, NULL),
(124835795984392706.0000000000000000000, 'asdfasdfasdf', NULL, NULL, NULL, 2.0000000000000000000, NULL),
(124835795998437077.0000000000000000000, 'sadfasdf', NULL, NULL, NULL, 2.0000000000000000000, NULL),
(124835796012574431.0000000000000000000, 'asdfasdf', NULL, NULL, NULL, 2.0000000000000000000, NULL),
(124835796028178421.0000000000000000000, 'asdfasdf', NULL, NULL, NULL, 2.0000000000000000000, NULL),
(124835796042104174.0000000000000000000, 'asdfasdf', NULL, NULL, NULL, 2.0000000000000000000, NULL),
(124835796054632753.0000000000000000000, 'asdfasdfas', NULL, NULL, NULL, 2.0000000000000000000, NULL);
CREATE CACHED TABLE PUBLIC.MT_NAMES COMMENT STRINGDECODE('\u041d\u0430\u0438\u043c\u0435\u043d\u043e\u0432\u0430\u043d\u0438\u044f \u0421\u0418')(
    ID DECIMAL(38, 19) NOT NULL,
    NAME VARCHAR(100) NOT NULL COMMENT STRINGDECODE('\u041d\u0430\u0438\u043c\u0435\u043d\u043e\u0432\u0430\u043d\u0438\u0435'),
    VALUE DECIMAL(38, 19) COMMENT STRINGDECODE('\u0418\u0437\u043c\u0435\u0440\u044f\u0435\u043c\u0430\u044f \u0432\u0435\u043b\u0438\u0447\u0438\u043d\u0430')
);
ALTER TABLE PUBLIC.MT_NAMES ADD CONSTRAINT PUBLIC.MT_NAMES_PK PRIMARY KEY(ID);
-- 18 +/- SELECT COUNT(*) FROM PUBLIC.MT_NAMES;
INSERT INTO PUBLIC.MT_NAMES(ID, NAME, VALUE) VALUES
(124764444135949.0000000000000000000, STRINGDECODE('\u0414\u0430\u0442\u0447\u0438\u043a'), NULL),
(124764446762541.0000000000000000000, STRINGDECODE('\u041a\u043e\u0440\u0440\u0435\u043a\u0442\u043e\u0440'), NULL),
(124764448210934.0000000000000000000, STRINGDECODE('\u041a\u043e\u043d\u0442\u0440\u043e\u043b\u043b\u0435\u0440'), NULL),
(124764449384325.0000000000000000000, STRINGDECODE('\u0420\u0435\u0433\u0438\u0441\u0442\u0440\u0430\u0442\u043e\u0440'), NULL),
(124764450729638.0000000000000000000, STRINGDECODE('\u0418\u0437\u043c\u0435\u0440\u0438\u0442\u0435\u043b\u044c-\u0440\u0435\u0433\u0443\u043b\u044f\u0442\u043e\u0440'), NULL),
(124764452775080.0000000000000000000, STRINGDECODE('\u0420\u0430\u0441\u0445\u043e\u0434\u043e\u043c\u0435\u0440'), NULL),
(124764454210902.0000000000000000000, STRINGDECODE('\u0418\u0437\u043c\u0435\u0440\u0438\u0442\u0435\u043b\u044c\u043d\u044b\u0439'), NULL),
(124764457876596.0000000000000000000, STRINGDECODE('\u0412\u043e\u043b\u044c\u0442\u043c\u0435\u0442\u0440'), 128049696157809.0000000000000000000),
(124764458743797.0000000000000000000, STRINGDECODE('\u0410\u043c\u043f\u0435\u0440\u043c\u0435\u0442\u0440'), 124772776092170.0000000000000000000),
(124764460146826.0000000000000000000, STRINGDECODE('\u0421\u0447\u0435\u0442\u0447\u0438\u043a'), NULL),
(124764461118786.0000000000000000000, STRINGDECODE('\u0422\u043e\u043a\u043e\u0438\u0437\u043c\u0435\u0440\u0438\u0442\u0435\u043b\u044c\u043d\u044b\u0435 \u043a\u043b\u0435\u0449\u0438'), NULL),
(124764462743776.0000000000000000000, STRINGDECODE('\u041c\u0435\u0433\u043e\u043c\u0435\u0442\u0440'), NULL),
(124764463635915.0000000000000000000, STRINGDECODE('\u0418\u043d\u0434\u0438\u043a\u0430\u0442\u043e\u0440'), NULL),
(124764464615624.0000000000000000000, STRINGDECODE('\u0421\u0438\u043d\u0445\u0440\u043e\u043d\u043e\u0441\u043a\u043e\u043f'), NULL),
(124764466759319.0000000000000000000, STRINGDECODE('\u041c\u0443\u043b\u044c\u0442\u0438\u043c\u0435\u0442\u0440'), NULL),
(124764468034337.0000000000000000000, STRINGDECODE('\u0412\u0430\u0442\u0442\u043c\u0435\u0442\u0440'), 128049695192184.0000000000000000000),
(124764469239006.0000000000000000000, STRINGDECODE('\u0427\u0430\u0441\u0442\u043e\u0442\u043e\u043c\u0435\u0440'), NULL),
(124764470035963.0000000000000000000, STRINGDECODE('\u041c\u0430\u043d\u043e\u043c\u0435\u0442\u0440'), 128049701701571.0000000000000000000);
CREATE CACHED TABLE PUBLIC.MYTEST(
    MYTEST_ID DECIMAL(38, 19) NOT NULL
);
ALTER TABLE PUBLIC.MYTEST ADD CONSTRAINT PUBLIC.MYTEST_PK PRIMARY KEY(MYTEST_ID);
-- 0 +/- SELECT COUNT(*) FROM PUBLIC.MYTEST;
CREATE CACHED TABLE PUBLIC.PK_EQUIPMENT COMMENT STRINGDECODE('\u0415\u0434\u0438\u043d\u0438\u0446\u044b \u043e\u0431\u043e\u0440\u0443\u0434\u043e\u0432\u0430\u043d\u0438\u044f')(
    EQ_ID DECIMAL(38, 19) NOT NULL COMMENT STRINGDECODE('\u0415\u0434\u0438\u043d\u0438\u0446\u0430 \u043e\u0431\u043e\u0440\u0443\u0434\u043e\u0432\u0430\u043d\u0438\u044f'),
    EQ_NAME VARCHAR(100) NOT NULL COMMENT STRINGDECODE('\u041d\u0430\u0438\u043c\u0435\u043d\u043e\u0432\u0430\u043d\u0438\u0435 \u0435\u0434\u0438\u043d\u0438\u0446\u044b \u043e\u0431\u043e\u0440\u0443\u0434\u043e\u0432\u0430\u043d\u0438\u044f'),
    MARK DECIMAL(38, 19) NOT NULL COMMENT STRINGDECODE('\u041c\u0430\u0440\u043a\u0430 \u043e\u0431\u043e\u0440\u0443\u0434\u043e\u0432\u0430\u043d\u0438\u044f')
);
ALTER TABLE PUBLIC.PK_EQUIPMENT ADD CONSTRAINT PUBLIC.PK_EQUIPMENT_PK PRIMARY KEY(EQ_ID);
-- 20 +/- SELECT COUNT(*) FROM PUBLIC.PK_EQUIPMENT;
INSERT INTO PUBLIC.PK_EQUIPMENT(EQ_ID, EQ_NAME, MARK) VALUES
(128049619801511.0000000000000000000, STRINGDECODE('\u0421\u0442\u0430\u043d\u043e\u043a \u0447\u0435\u0441\u0430\u043b\u044c\u043d\u044b\u0439'), 128049594110963.0000000000000000000),
(128049620700062.0000000000000000000, STRINGDECODE('\u0427\u0435\u0441\u0430\u043b\u044c\u043d\u044b\u0439 \u0441\u0442\u0430\u043d\u043e\u043a'), 128049594110963.0000000000000000000),
(128049621884317.0000000000000000000, STRINGDECODE('\u0421\u0442\u0430\u043d\u043e\u043a \u043c\u043e\u0442\u0430\u043b\u044c\u043d\u044b\u0439 1'), 128049595046828.0000000000000000000),
(128049623250090.0000000000000000000, STRINGDECODE('\u0421\u0442\u0430\u043d\u043e\u043a \u043c\u043e\u0442\u0430\u043b\u044c\u043d\u044b\u0439 2'), 128049595046828.0000000000000000000),
(128049624353143.0000000000000000000, STRINGDECODE('\u0421\u0442\u0430\u043d\u043e\u043a \u043c\u043e\u0442\u0430\u043b\u044c\u043d\u044b\u0439 3'), 128049601170306.0000000000000000000),
(128049627165674.0000000000000000000, STRINGDECODE('\u0411\u043e\u043a\u043e\u0432\u0438\u043d\u0430 1'), 128049595600024.0000000000000000000),
(128049628398401.0000000000000000000, STRINGDECODE('\u0411\u043e\u043a\u043e\u0432\u0438\u043d\u0430 2'), 128049595600024.0000000000000000000),
(128049629660971.0000000000000000000, STRINGDECODE('\u0414\u0432\u0435\u0440\u044c \u043d\u0430\u0440\u0443\u0436\u043d\u0430\u044f'), 128049596076572.0000000000000000000),
(128049631226558.0000000000000000000, STRINGDECODE('\u0414\u0432\u0435\u0440\u044c \u0432\u043d\u0443\u0442\u0440\u0435\u043d\u043d\u044f\u044f'), 128049598748403.0000000000000000000),
(128049633742183.0000000000000000000, STRINGDECODE('\u0414\u0432\u0435\u0440\u044c \u043c\u0435\u0436\u043a\u043e\u043c\u043d\u0430\u0442\u043d\u0430\u044f'), 128049596076572.0000000000000000000),
(128049635048457.0000000000000000000, STRINGDECODE('\u0414\u0432\u0435\u0440\u044c \u0432 \u0442\u0435\u0445\u043d\u043e\u043b\u043e\u0433\u0438\u0447\u0435\u0441\u043a\u043e\u043c \u043e\u0442\u0432\u0435\u0440\u0441\u0442\u0438\u0438'), 128049598748403.0000000000000000000),
(128049636804691.0000000000000000000, STRINGDECODE('\u0414\u0432\u0435\u0440\u044c \u0432 \u043a\u0443\u0437\u043e\u0432\u0435 \u0430\u0432\u0442\u043e\u043c\u043e\u0431\u0438\u043b\u044f'), 128049596076572.0000000000000000000),
(128049638909305.0000000000000000000, STRINGDECODE('\u0424\u043e\u043d\u0430\u0440\u044c 5465'), 128049596964037.0000000000000000000),
(128049640170349.0000000000000000000, STRINGDECODE('\u0424\u043e\u043d\u0430\u0440\u044c 254254'), 128049597468768.0000000000000000000),
(128049640729619.0000000000000000000, STRINGDECODE('\u0424\u043e\u043d\u0430\u0440\u044c 21654'), 128049596964037.0000000000000000000),
(128049641226546.0000000000000000000, STRINGDECODE('\u0424\u043e\u043d\u0430\u0440\u044c 875413'), 128049597975084.0000000000000000000),
(128049641882837.0000000000000000000, STRINGDECODE('\u0424\u043e\u043d\u0430\u0440\u044c 2157'), 128049597975084.0000000000000000000),
(128049642414045.0000000000000000000, STRINGDECODE('\u0424\u043e\u043d\u0430\u0440\u044c 58541'), 128049597975084.0000000000000000000),
(128049642873417.0000000000000000000, STRINGDECODE('\u0424\u043e\u043d\u0430\u0440\u044c12748'), 128049597975084.0000000000000000000),
(128049643412530.0000000000000000000, STRINGDECODE('\u0424\u043e\u043d\u0430\u0440\u044c 0154'), 128049597468768.0000000000000000000);
CREATE CACHED TABLE PUBLIC.SECURITY_TEST_DATA(
    SECURITY_TEST_DATA_ID DECIMAL(38, 19) NOT NULL,
    TETSFIELD VARCHAR(100)
);
ALTER TABLE PUBLIC.SECURITY_TEST_DATA ADD CONSTRAINT PUBLIC.SECURITY_TEST_DATA_PK PRIMARY KEY(SECURITY_TEST_DATA_ID);
-- 0 +/- SELECT COUNT(*) FROM PUBLIC.SECURITY_TEST_DATA;
CREATE CACHED TABLE PUBLIC.TABLE1(
    ID DECIMAL(38, 19) NOT NULL,
    F1 DECIMAL(38, 19),
    F2 DECIMAL(38, 19),
    F3 DECIMAL(38, 19)
);
ALTER TABLE PUBLIC.TABLE1 ADD CONSTRAINT PUBLIC.TABLE1_PK PRIMARY KEY(ID);
-- 4 +/- SELECT COUNT(*) FROM PUBLIC.TABLE1;
INSERT INTO PUBLIC.TABLE1(ID, F1, F2, F3) VALUES
(1.0000000000000000000, 111.0000000000000000000, 112.0000000000000000000, 113.0000000000000000000),
(2.0000000000000000000, 121.0000000000000000000, 1530966857.0000000000000000000, 1419752413.0000000000000000000),
(3.0000000000000000000, 131.0000000000000000000, -409347514.0000000000000000000, 133.0000000000000000000),
(4.0000000000000000000, 141.0000000000000000000, 142.0000000000000000000, 143.0000000000000000000);
CREATE CACHED TABLE PUBLIC.TABLE2(
    ID DECIMAL(38, 19) NOT NULL,
    FIELDA DECIMAL(38, 19),
    FIELDB DECIMAL(38, 19),
    FIELDC DECIMAL(38, 19)
);
ALTER TABLE PUBLIC.TABLE2 ADD CONSTRAINT PUBLIC.TABLE2_PK PRIMARY KEY(ID);
-- 3 +/- SELECT COUNT(*) FROM PUBLIC.TABLE2;
INSERT INTO PUBLIC.TABLE2(ID, FIELDA, FIELDB, FIELDC) VALUES
(0.0000000000000000000, 1.0000000000000000000, 2.0000000000000000000, 3.0000000000000000000),
(100.0000000000000000000, 101.0000000000000000000, 102.0000000000000000000, 103.0000000000000000000),
(104.0000000000000000000, 105.0000000000000000000, 106.0000000000000000000, 107.0000000000000000000);
CREATE CACHED TABLE PUBLIC.TEST_FIELDSADDING(
    TEST_FIELDSADDING_ID DECIMAL(38, 19) NOT NULL,
    FIELD1 VARCHAR(100),
    FIELD2 VARCHAR(100),
    FIELD3 VARCHAR(100)
);
ALTER TABLE PUBLIC.TEST_FIELDSADDING ADD CONSTRAINT PUBLIC.TEST_FIELDSADDING_PK PRIMARY KEY(TEST_FIELDSADDING_ID);
-- 0 +/- SELECT COUNT(*) FROM PUBLIC.TEST_FIELDSADDING;
CREATE CACHED TABLE PUBLIC.TEST_MULTISOURCE(
    TEST_MULTISOURCE_ID DECIMAL(38, 19) NOT NULL,
    ADDR VARCHAR(100),
    ENTRIES DECIMAL(38, 0) NOT NULL,
    MODIFIED TIMESTAMP
);
ALTER TABLE PUBLIC.TEST_MULTISOURCE ADD CONSTRAINT PUBLIC.TEST_MULTISOURCE_PK PRIMARY KEY(TEST_MULTISOURCE_ID);
-- 0 +/- SELECT COUNT(*) FROM PUBLIC.TEST_MULTISOURCE;
CREATE CACHED TABLE PUBLIC.UNIT_OF_MEASUREMEN COMMENT STRINGDECODE('\u0415\u0434\u0438\u043d\u0438\u0446\u044b \u0438\u0437\u043c\u0435\u0440\u0435\u043d\u0438\u044f')(
    ID DECIMAL(38, 19) NOT NULL,
    NAME VARCHAR(100) NOT NULL COMMENT STRINGDECODE('\u041d\u0430\u0438\u043c\u0435\u043d\u043e\u0432\u0430\u043d\u0438\u0435'),
    MEASURAND DECIMAL(38, 19) COMMENT STRINGDECODE('\u0418\u0437\u043c\u0435\u0440\u044f\u0435\u043c\u0430\u044f \u0432\u0435\u043b\u0438\u0447\u0438\u043d\u0430'),
    SYMBOL_RUS VARCHAR(10) COMMENT STRINGDECODE('\u041e\u0431\u043e\u0437\u043d\u0430\u0447\u0435\u043d\u0438\u0435(\u0440\u0443\u0441.)'),
    SYMBOL_INT VARCHAR(10) COMMENT STRINGDECODE('\u041e\u0431\u043e\u0437\u043d\u0430\u0447\u0435\u043d\u0438\u0435(\u043c\u0435\u0436\u0434.)'),
    ISBASIC DECIMAL(38, 19) DEFAULT 0.0000000000000000000 NOT NULL COMMENT STRINGDECODE('\u041e\u0441\u043d\u043e\u0432\u043d\u0430\u044f'),
    SI DECIMAL(38, 19) DEFAULT 0.0000000000000000000 NOT NULL COMMENT STRINGDECODE('\u0421\u0418'),
    TEMPPERMITTED DECIMAL(38, 19) DEFAULT 0.0000000000000000000 COMMENT STRINGDECODE('\u0412\u0440\u0435\u043c\u0435\u043d\u043d\u043e \u0440\u0430\u0437\u0440\u0435\u0448\u0435\u043d\u043d\u0430\u044f'),
    DEFINITION VARCHAR(400) COMMENT STRINGDECODE('\u041e\u043f\u0440\u0435\u0434\u0435\u043b\u0435\u043d\u0438\u0435'),
    FOUNDATION TIMESTAMP
);
ALTER TABLE PUBLIC.UNIT_OF_MEASUREMEN ADD CONSTRAINT PUBLIC.UNIT_OF_MEASUREMEN_PK PRIMARY KEY(ID);
-- 8 +/- SELECT COUNT(*) FROM PUBLIC.UNIT_OF_MEASUREMEN;
INSERT INTO PUBLIC.UNIT_OF_MEASUREMEN(ID, NAME, MEASURAND, SYMBOL_RUS, SYMBOL_INT, ISBASIC, SI, TEMPPERMITTED, DEFINITION, FOUNDATION) VALUES
(128049655339097.0000000000000000000, STRINGDECODE('\u043b\u0438\u0442\u0440'), 124772787892110.0000000000000000000, STRINGDECODE('\u043b'), 'L', 1.0000000000000000000, 1.0000000000000000000, NULL, NULL, NULL),
(128049655837578.0000000000000000000, STRINGDECODE('\u0430\u043d\u0433\u0441\u0442\u0440\u0435\u043c'), 124772604470311.0000000000000000000, 'a', 'A', 1.0000000000000000000, 1.0000000000000000000, NULL, NULL, NULL),
(128049656325018.0000000000000000000, STRINGDECODE('\u0444\u0443\u0442'), 124772604470311.0000000000000000000, STRINGDECODE('\u0444'), 'F', 1.0000000000000000000, 1.0000000000000000000, NULL, NULL, NULL),
(128049656789077.0000000000000000000, STRINGDECODE('\u0434\u044e\u0439\u043c'), 124772604470311.0000000000000000000, '''''', '"', 1.0000000000000000000, 1.0000000000000000000, NULL, NULL, NULL),
(128049657318785.0000000000000000000, STRINGDECODE('\u0432\u043e\u043b\u044c\u0442'), NULL, STRINGDECODE('\u0412'), 'V', 1.0000000000000000000, 1.0000000000000000000, NULL, NULL, NULL),
(128049658521880.0000000000000000000, STRINGDECODE('\u0430\u043c\u043f\u0435\u0440'), 124772776092170.0000000000000000000, 'A', 'A', 1.0000000000000000000, 1.0000000000000000000, NULL, NULL, NULL),
(128049659259399.0000000000000000000, STRINGDECODE('\u0434\u0436\u043e\u0443\u043b\u044c'), NULL, STRINGDECODE('\u0414\u0436'), 'D', 1.0000000000000000000, 1.0000000000000000000, NULL, NULL, NULL),
(124773163314099306.0000000000000000000, STRINGDECODE('\u043c\u0435\u0442\u0440'), 124772604470311.0000000000000000000, STRINGDECODE('\u043c'), 'm', 1.0000000000000000000, 1.0000000000000000000, NULL, STRINGDECODE('\u041c\u0435\u0442\u0440 \u0435\u0441\u0442\u044c \u0434\u043b\u0438\u043d\u0430 \u043f\u0443\u0442\u0438, \u043f\u0440\u043e\u0445\u043e\u0434\u0438\u043c\u043e\u0433\u043e \u0441\u0432\u0435\u0442\u043e\u043c \u0432 \u0432\u0430\u043a\u0443\u0443\u043c\u0435 \u0437\u0430 \u0438\u043d\u0442\u0435\u0440\u0432\u0430\u043b \u0432\u0440\u0435\u043c\u0435\u043d\u0438 1/299 792 458 s [\u0425VII \u0413\u041a\u041c\u0412 (1983 \u0433.) \u0420\u0435\u0437\u043e\u043b\u044e\u0446\u0438\u044f 1]'), NULL);
ALTER TABLE PUBLIC.MTD_ENTITIES ADD CONSTRAINT PUBLIC.MTD_ENTITIES_FK131336657823609 FOREIGN KEY(MDENT_PARENT_ID) REFERENCES PUBLIC.MTD_ENTITIES(MDENT_ID) ON DELETE CASCADE NOCHECK;
ALTER TABLE PUBLIC.ASSET_GROUPS ADD CONSTRAINT PUBLIC.FK_128049422853118 FOREIGN KEY(P_ID) REFERENCES PUBLIC.ASSET_GROUPS(ID) ON DELETE CASCADE NOCHECK;
ALTER TABLE PUBLIC.GOODORDER ADD CONSTRAINT PUBLIC.FK_131158275681283 FOREIGN KEY(CUSTOMER) REFERENCES PUBLIC.CUSTOMER(CUSTOMER_ID) ON DELETE CASCADE NOCHECK;
ALTER TABLE PUBLIC.GOODORDER ADD CONSTRAINT PUBLIC.FK_141171593226029 FOREIGN KEY(GOOD) REFERENCES PUBLIC.GOOD(GOOD_ID) ON DELETE CASCADE NOCHECK;
ALTER TABLE PUBLIC.MT_NAMES ADD CONSTRAINT PUBLIC.FK_128049457017157 FOREIGN KEY(VALUE) REFERENCES PUBLIC.MEASURANDS(ID) ON DELETE CASCADE NOCHECK;
ALTER TABLE PUBLIC.PK_EQUIPMENT ADD CONSTRAINT PUBLIC.FK_128049445835971 FOREIGN KEY(MARK) REFERENCES PUBLIC.ASSET_MARKS(ID) ON DELETE CASCADE NOCHECK;
ALTER TABLE PUBLIC.UNIT_OF_MEASUREMEN ADD CONSTRAINT PUBLIC.FK_125904942500493 FOREIGN KEY(MEASURAND) REFERENCES PUBLIC.MEASURANDS(ID) ON DELETE CASCADE NOCHECK;

CREATE ALIAS PUBLIC.CALCULATOR AS $$
    long platypusSampleCalc(int first, long second){
        return first + second;
    }
$$;

