CREATE CACHED TABLE PUBLIC.BIN(
    DROP_ME_ID DECIMAL(38, 19) NOT NULL,
    FIELD1 VARCHAR(200),
    FIELD2 TIMESTAMP,
    FIELD3 TIMESTAMP
);
ALTER TABLE PUBLIC.BIN ADD CONSTRAINT PUBLIC.BIN_PK PRIMARY KEY(DROP_ME_ID);
-- 6 +/- SELECT COUNT(*) FROM PUBLIC.BIN;
INSERT INTO PUBLIC.BIN(DROP_ME_ID, FIELD1, FIELD2, FIELD3) VALUES
(145951025090665.0000000000000000000, 'yyyyyyyyyyyyyyyyyy', TIMESTAMP '2016-04-19 14:31:08.0', TIMESTAMP '2016-04-03 14:32:09.0'),
(145951035457044.0000000000000000000, NULL, NULL, NULL),
(145951035474692.0000000000000000000, NULL, NULL, NULL),
(145951035493993.0000000000000000000, NULL, NULL, NULL),
(145951035510656.0000000000000000000, NULL, NULL, NULL),
(145951035527426.0000000000000000000, NULL, NULL, NULL);
CREATE CACHED TABLE PUBLIC.COUNTRIES COMMENT 'country table. Contains 25 rows. References with locations table.'(
    COUNTRY_ID CHAR(2) NOT NULL COMMENT 'Primary key of countries table.',
    COUNTRY_NAME VARCHAR(40) COMMENT 'Country name',
    REGION_ID DECIMAL(38, 19) COMMENT 'Region ID for the country. Foreign key to region_id column in the departments table.'
);
ALTER TABLE PUBLIC.COUNTRIES ADD CONSTRAINT PUBLIC.COUNTRIES_PK PRIMARY KEY(COUNTRY_ID);
-- 25 +/- SELECT COUNT(*) FROM PUBLIC.COUNTRIES;
INSERT INTO PUBLIC.COUNTRIES(COUNTRY_ID, COUNTRY_NAME, REGION_ID) VALUES
('AR', 'Argentina', 2.0000000000000000000),
('AU', 'Australia', 3.0000000000000000000),
('BE', 'Belgium', 1.0000000000000000000),
('BR', 'Brazil', 2.0000000000000000000),
('CA', 'Canada', 2.0000000000000000000),
('CH', 'Switzerland', 1.0000000000000000000),
('CN', 'China', 3.0000000000000000000),
('DE', 'Germany', 1.0000000000000000000),
('DK', 'Denmark', 1.0000000000000000000),
('EG', 'Egypt', 4.0000000000000000000),
('FR', 'France', 1.0000000000000000000),
('HK', 'HongKong', 3.0000000000000000000),
('IL', 'Israel', 4.0000000000000000000),
('IN', 'India', 3.0000000000000000000),
('IT', 'Italy', 1.0000000000000000000),
('JP', 'Japan', 3.0000000000000000000),
('KW', 'Kuwait', 4.0000000000000000000),
('MX', 'Mexico', 2.0000000000000000000),
('NG', 'Nigeria', 4.0000000000000000000),
('NL', 'Netherlands', 1.0000000000000000000),
('SG', 'Singapore', 3.0000000000000000000),
('UK', 'United Kingdom', 1.0000000000000000000),
('US', 'United States of America', 2.0000000000000000000),
('ZM', 'Zambia', 4.0000000000000000000),
('ZW', 'Zimbabwe', 4.0000000000000000000);
CREATE CACHED TABLE PUBLIC.DEPARTMENTS COMMENT STRINGDECODE('Departments table that shows details of departments where employees\nwork. Contains 27 rows; references with locations, employees, and job_history tables.')(
    DEPARTMENT_ID DECIMAL(4, 0) NOT NULL COMMENT 'Primary key column of departments table.',
    DEPARTMENT_NAME VARCHAR(30) NOT NULL COMMENT STRINGDECODE('A not null column that shows name of a department. Administration,\nMarketing, Purchasing, Human Resources, Shipping, IT, Executive, Public\nRelations, Sales, Finance, and Accounting. '),
    MANAGER_ID DECIMAL(6, 0) COMMENT 'Manager_id of a department. Foreign key to employee_id column of employees table. The manager_id column of the employee table references this column.',
    LOCATION_ID DECIMAL(4, 0) COMMENT 'Location id where a department is located. Foreign key to location_id column of locations table.'
);
ALTER TABLE PUBLIC.DEPARTMENTS ADD CONSTRAINT PUBLIC.DEPARTMENTS_PK PRIMARY KEY(DEPARTMENT_ID);
-- 27 +/- SELECT COUNT(*) FROM PUBLIC.DEPARTMENTS;
INSERT INTO PUBLIC.DEPARTMENTS(DEPARTMENT_ID, DEPARTMENT_NAME, MANAGER_ID, LOCATION_ID) VALUES
(10, 'Administration', 200, 1700),
(20, 'Marketing', 201, 1800),
(30, 'Purchasing', 114, 1700),
(40, 'Human Resources', 203, 2400),
(50, 'Shipping', 121, 1500),
(60, 'IT', 103, 1400),
(70, 'Public Relations', 204, 2700),
(80, 'Sales', 145, 2500),
(90, 'Executive', 100, 1700),
(100, 'Finance', 108, 1700),
(110, 'Accounting', 205, 1700),
(120, 'Treasury', NULL, 1700),
(130, 'Corporate Tax', NULL, 1700),
(140, 'Control And Credit', NULL, 1700),
(150, 'Shareholder Services', NULL, 1700),
(160, 'Benefits', NULL, 1700),
(170, 'Manufacturing', NULL, 1700),
(180, 'Construction', NULL, 1700),
(190, 'Contracting', NULL, 1700),
(200, 'Operations', NULL, 1700),
(210, 'IT Support', NULL, 1700),
(220, 'NOC', NULL, 1700),
(230, 'IT Helpdesk', NULL, 1700),
(240, 'Government Sales', NULL, 1700),
(250, 'Retail Sales', NULL, 1700),
(260, 'Recruiting', NULL, 1700),
(270, 'Payroll', NULL, 1700);
CREATE INDEX PUBLIC.DEPT_LOCATION_IX ON PUBLIC.DEPARTMENTS(LOCATION_ID);
CREATE CACHED TABLE PUBLIC.EMPLOYEES COMMENT 'Employees table. Contains 107 rows. References with departments, jobs, job_history tables. Contains a self reference.'(
    EMPLOYEE_ID DECIMAL(6, 0) NOT NULL COMMENT 'Primary key of employees table.',
    FIRST_NAME VARCHAR(20) COMMENT 'First name of the employee. A not null column.',
    LAST_NAME VARCHAR(25) NOT NULL COMMENT 'Last name of the employee. A not null column.',
    EMAIL VARCHAR(25) NOT NULL COMMENT 'Email id of the employee',
    PHONE_NUMBER VARCHAR(20) COMMENT 'Phone number of the employee; includes country code and area code',
    HIRE_DATE TIMESTAMP NOT NULL COMMENT 'Date when the employee started on this job. A not null column.',
    JOB_ID VARCHAR(10) NOT NULL COMMENT STRINGDECODE('Current job of the employee; foreign key to job_id column of the\njobs table. A not null column.'),
    SALARY DECIMAL(8, 2) COMMENT STRINGDECODE('Monthly salary of the employee. Must be greater\nthan zero (enforced by constraint emp_salary_min)'),
    COMMISSION_PCT DECIMAL(38, 19) COMMENT STRINGDECODE('Commission percentage of the employee; Only employees in sales\ndepartment elgible for commission percentage'),
    MANAGER_ID DECIMAL(6, 0) COMMENT STRINGDECODE('Manager id of the employee; has same domain as manager_id in\ndepartments table. Foreign key to employee_id column of employees table.\n(useful for reflexive joins and CONNECT BY query)'),
    DEPARTMENT_ID DECIMAL(4, 0) COMMENT STRINGDECODE('Department id where employee works; foreign key to department_id\ncolumn of the departments table')
);
ALTER TABLE PUBLIC.EMPLOYEES ADD CONSTRAINT PUBLIC.EMPLOYEES_PK PRIMARY KEY(EMPLOYEE_ID);
-- 107 +/- SELECT COUNT(*) FROM PUBLIC.EMPLOYEES;
INSERT INTO PUBLIC.EMPLOYEES(EMPLOYEE_ID, FIRST_NAME, LAST_NAME, EMAIL, PHONE_NUMBER, HIRE_DATE, JOB_ID, SALARY, COMMISSION_PCT, MANAGER_ID, DEPARTMENT_ID) VALUES
(100, 'Steven', 'King', 'SKING', '515.123.4567', TIMESTAMP '1987-06-17 00:00:00.0', 'AD_PRES', 24000.00, NULL, NULL, 90),
(101, 'Neena', 'Kochhar', 'NKOCHHAR', '515.123.4568', TIMESTAMP '1989-09-21 00:00:00.0', 'AD_VP', 17000.00, NULL, 100, 90),
(102, 'Lex', 'De Haan', 'LDEHAAN', '515.123.4569', TIMESTAMP '1993-01-13 00:00:00.0', 'AD_VP', 17000.00, NULL, 100, 90),
(103, 'Alexander', 'Hunold', 'AHUNOLD', '590.423.4567', TIMESTAMP '1990-01-03 00:00:00.0', 'IT_PROG', 9000.00, NULL, 102, 60),
(104, 'Bruce', 'Ernst', 'BERNST', '590.423.4568', TIMESTAMP '1991-05-21 00:00:00.0', 'IT_PROG', 6000.00, NULL, 103, 60),
(105, 'David', 'Austin', 'DAUSTIN', '590.423.4569', TIMESTAMP '1997-06-25 00:00:00.0', 'IT_PROG', 4800.00, NULL, 103, 60),
(106, 'Valli', 'Pataballa', 'VPATABAL', '590.423.4560', TIMESTAMP '1998-02-05 00:00:00.0', 'IT_PROG', 4800.00, NULL, 103, 60),
(107, 'Diana', 'Lorentz', 'DLORENTZ', '590.423.5567', TIMESTAMP '1999-02-07 00:00:00.0', 'IT_PROG', 4200.00, NULL, 103, 60),
(108, 'Nancy', 'Greenberg', 'NGREENBE', '515.124.4569', TIMESTAMP '1994-08-17 00:00:00.0', 'FI_MGR', 12000.00, NULL, 101, 100),
(109, 'Daniel', 'Faviet', 'DFAVIET', '515.124.4169', TIMESTAMP '1994-08-16 00:00:00.0', 'FI_ACCOUNT', 9000.00, NULL, 108, 100),
(110, 'John', 'Chen', 'JCHEN', '515.124.4269', TIMESTAMP '1997-09-28 00:00:00.0', 'FI_ACCOUNT', 8200.00, NULL, 108, 100),
(111, 'Ismael', 'Sciarra', 'ISCIARRA', '515.124.4369', TIMESTAMP '1997-09-30 00:00:00.0', 'FI_ACCOUNT', 7700.00, NULL, 108, 100),
(112, 'Jose Manuel', 'Urman', 'JMURMAN', '515.124.4469', TIMESTAMP '1998-03-07 00:00:00.0', 'FI_ACCOUNT', 7800.00, NULL, 108, 100),
(113, 'Luis', 'Popp', 'LPOPP', '515.124.4567', TIMESTAMP '1999-12-07 00:00:00.0', 'FI_ACCOUNT', 6900.00, NULL, 108, 100),
(114, 'Den', 'Raphaely', 'DRAPHEAL', '515.127.4561', TIMESTAMP '1994-12-07 00:00:00.0', 'PU_MAN', 11000.00, NULL, 100, 30),
(115, 'Alexander', 'Khoo', 'AKHOO', '515.127.4562', TIMESTAMP '1995-05-18 00:00:00.0', 'PU_CLERK', 3100.00, NULL, 114, 30),
(116, 'Shelli', 'Baida', 'SBAIDA', '515.127.4563', TIMESTAMP '1997-12-24 00:00:00.0', 'PU_CLERK', 2900.00, NULL, 114, 30),
(117, 'Sigal', 'Tobias', 'STOBIAS', '515.127.4564', TIMESTAMP '1997-07-24 00:00:00.0', 'PU_CLERK', 2800.00, NULL, 114, 30),
(118, 'Guy', 'Himuro', 'GHIMURO', '515.127.4565', TIMESTAMP '1998-11-15 00:00:00.0', 'PU_CLERK', 2600.00, NULL, 114, 30),
(119, 'Karen', 'Colmenares', 'KCOLMENA', '515.127.4566', TIMESTAMP '1999-08-10 00:00:00.0', 'PU_CLERK', 2500.00, NULL, 114, 30),
(120, 'Matthew', 'Weiss', 'MWEISS', '650.123.1234', TIMESTAMP '1996-07-18 00:00:00.0', 'ST_MAN', 8000.00, NULL, 100, 50),
(121, 'Adam', 'Fripp', 'AFRIPP', '650.123.2234', TIMESTAMP '1997-04-10 00:00:00.0', 'ST_MAN', 8200.00, NULL, 100, 50),
(122, 'Payam', 'Kaufling', 'PKAUFLIN', '650.123.3234', TIMESTAMP '1995-05-01 00:00:00.0', 'ST_MAN', 7900.00, NULL, 100, 50),
(123, 'Shanta', 'Vollman', 'SVOLLMAN', '650.123.4234', TIMESTAMP '1997-10-10 00:00:00.0', 'ST_MAN', 6500.00, NULL, 100, 50),
(124, 'Kevin', 'Mourgos', 'KMOURGOS', '650.123.5234', TIMESTAMP '1999-11-16 00:00:00.0', 'ST_MAN', 5800.00, NULL, 100, 50),
(125, 'Julia', 'Nayer', 'JNAYER', '650.124.1214', TIMESTAMP '1997-07-16 00:00:00.0', 'ST_CLERK', 3200.00, NULL, 120, 50),
(126, 'Irene', 'Mikkilineni', 'IMIKKILI', '650.124.1224', TIMESTAMP '1998-09-28 00:00:00.0', 'ST_CLERK', 2700.00, NULL, 120, 50),
(127, 'James', 'Landry', 'JLANDRY', '650.124.1334', TIMESTAMP '1999-01-14 00:00:00.0', 'ST_CLERK', 2400.00, NULL, 120, 50),
(128, 'Steven', 'Markle', 'SMARKLE', '650.124.1434', TIMESTAMP '2000-03-08 00:00:00.0', 'ST_CLERK', 2200.00, NULL, 120, 50),
(129, 'Laura', 'Bissot', 'LBISSOT', '650.124.5234', TIMESTAMP '1997-08-20 00:00:00.0', 'ST_CLERK', 3300.00, NULL, 121, 50),
(130, 'Mozhe', 'Atkinson', 'MATKINSO', '650.124.6234', TIMESTAMP '1997-10-30 00:00:00.0', 'ST_CLERK', 2800.00, NULL, 121, 50),
(131, 'James', 'Marlow', 'JAMRLOW', '650.124.7234', TIMESTAMP '1997-02-16 00:00:00.0', 'ST_CLERK', 2500.00, NULL, 121, 50);
INSERT INTO PUBLIC.EMPLOYEES(EMPLOYEE_ID, FIRST_NAME, LAST_NAME, EMAIL, PHONE_NUMBER, HIRE_DATE, JOB_ID, SALARY, COMMISSION_PCT, MANAGER_ID, DEPARTMENT_ID) VALUES
(132, 'TJ', 'Olson', 'TJOLSON', '650.124.8234', TIMESTAMP '1999-04-10 00:00:00.0', 'ST_CLERK', 2100.00, NULL, 121, 50),
(133, 'Jason', 'Mallin', 'JMALLIN', '650.127.1934', TIMESTAMP '1996-06-14 00:00:00.0', 'ST_CLERK', 3300.00, NULL, 122, 50),
(134, 'Michael', 'Rogers', 'MROGERS', '650.127.1834', TIMESTAMP '1998-08-26 00:00:00.0', 'ST_CLERK', 2900.00, NULL, 122, 50),
(135, 'Ki', 'Gee', 'KGEE', '650.127.1734', TIMESTAMP '1999-12-12 00:00:00.0', 'ST_CLERK', 2400.00, NULL, 122, 50),
(136, 'Hazel', 'Philtanker', 'HPHILTAN', '650.127.1634', TIMESTAMP '2000-02-06 00:00:00.0', 'ST_CLERK', 2200.00, NULL, 122, 50),
(137, 'Renske', 'Ladwig', 'RLADWIG', '650.121.1234', TIMESTAMP '1995-07-14 00:00:00.0', 'ST_CLERK', 3600.00, NULL, 123, 50),
(138, 'Stephen', 'Stiles', 'SSTILES', '650.121.2034', TIMESTAMP '1997-10-26 00:00:00.0', 'ST_CLERK', 3200.00, NULL, 123, 50),
(139, 'John', 'Seo', 'JSEO', '650.121.2019', TIMESTAMP '1998-02-12 00:00:00.0', 'ST_CLERK', 2700.00, NULL, 123, 50),
(140, 'Joshua', 'Patel', 'JPATEL', '650.121.1834', TIMESTAMP '1998-04-06 00:00:00.0', 'ST_CLERK', 2500.00, NULL, 123, 50),
(141, 'Trenna', 'Rajs', 'TRAJS', '650.121.8009', TIMESTAMP '1995-10-17 00:00:00.0', 'ST_CLERK', 3500.00, NULL, 124, 50),
(142, 'Curtis', 'Davies', 'CDAVIES', '650.121.2994', TIMESTAMP '1997-01-29 00:00:00.0', 'ST_CLERK', 3100.00, NULL, 124, 50),
(143, 'Randall', 'Matos', 'RMATOS', '650.121.2874', TIMESTAMP '1998-03-15 00:00:00.0', 'ST_CLERK', 2600.00, NULL, 124, 50),
(144, 'Peter', 'Vargas', 'PVARGAS', '650.121.2004', TIMESTAMP '1998-07-09 00:00:00.0', 'ST_CLERK', 2500.00, NULL, 124, 50),
(145, 'John', 'Russell', 'JRUSSEL', '011.44.1344.429268', TIMESTAMP '1996-10-01 00:00:00.0', 'SA_MAN', 14000.00, 0.4000000000000000000, 100, 80),
(146, 'Karen', 'Partners', 'KPARTNER', '011.44.1344.467268', TIMESTAMP '1997-01-05 00:00:00.0', 'SA_MAN', 13500.00, 0.3000000000000000000, 100, 80),
(147, 'Alberto', 'Errazuriz', 'AERRAZUR', '011.44.1344.429278', TIMESTAMP '1997-03-10 00:00:00.0', 'SA_MAN', 12000.00, 0.3000000000000000000, 100, 80),
(148, 'Gerald', 'Cambrault', 'GCAMBRAU', '011.44.1344.619268', TIMESTAMP '1999-10-15 00:00:00.0', 'SA_MAN', 11000.00, 0.3000000000000000000, 100, 80),
(149, 'Eleni', 'Zlotkey', 'EZLOTKEY', '011.44.1344.429018', TIMESTAMP '2000-01-29 00:00:00.0', 'SA_MAN', 10500.00, 0.2000000000000000000, 100, 80),
(150, 'Peter', 'Tucker', 'PTUCKER', '011.44.1344.129268', TIMESTAMP '1997-01-30 00:00:00.0', 'SA_REP', 10000.00, 0.3000000000000000000, 145, 80),
(151, 'David', 'Bernstein', 'DBERNSTE', '011.44.1344.345268', TIMESTAMP '1997-03-24 00:00:00.0', 'SA_REP', 9500.00, 0.2500000000000000000, 145, 80),
(152, 'Peter', 'Hall', 'PHALL', '011.44.1344.478968', TIMESTAMP '1997-08-20 00:00:00.0', 'SA_REP', 9000.00, 0.2500000000000000000, 145, 80),
(153, 'Christopher', 'Olsen', 'COLSEN', '011.44.1344.498718', TIMESTAMP '1998-03-30 00:00:00.0', 'SA_REP', 8000.00, 0.2000000000000000000, 145, 80),
(154, 'Nanette', 'Cambrault', 'NCAMBRAU', '011.44.1344.987668', TIMESTAMP '1998-12-09 00:00:00.0', 'SA_REP', 7500.00, 0.2000000000000000000, 145, 80),
(155, 'Oliver', 'Tuvault', 'OTUVAULT', '011.44.1344.486508', TIMESTAMP '1999-11-23 00:00:00.0', 'SA_REP', 7000.00, 0.1500000000000000000, 145, 80),
(156, 'Janette', 'King', 'JKING', '011.44.1345.429268', TIMESTAMP '1996-01-30 00:00:00.0', 'SA_REP', 10000.00, 0.3500000000000000000, 146, 80),
(157, 'Patrick', 'Sully', 'PSULLY', '011.44.1345.929268', TIMESTAMP '1996-03-04 00:00:00.0', 'SA_REP', 9500.00, 0.3500000000000000000, 146, 80),
(158, 'Allan', 'McEwen', 'AMCEWEN', '011.44.1345.829268', TIMESTAMP '1996-08-01 00:00:00.0', 'SA_REP', 9000.00, 0.3500000000000000000, 146, 80),
(159, 'Lindsey', 'Smith', 'LSMITH', '011.44.1345.729268', TIMESTAMP '1997-03-10 00:00:00.0', 'SA_REP', 8000.00, 0.3000000000000000000, 146, 80),
(160, 'Louise', 'Doran', 'LDORAN', '011.44.1345.629268', TIMESTAMP '1997-12-15 00:00:00.0', 'SA_REP', 7500.00, 0.3000000000000000000, 146, 80);
INSERT INTO PUBLIC.EMPLOYEES(EMPLOYEE_ID, FIRST_NAME, LAST_NAME, EMAIL, PHONE_NUMBER, HIRE_DATE, JOB_ID, SALARY, COMMISSION_PCT, MANAGER_ID, DEPARTMENT_ID) VALUES
(161, 'Sarath', 'Sewall', 'SSEWALL', '011.44.1345.529268', TIMESTAMP '1998-11-03 00:00:00.0', 'SA_REP', 7000.00, 0.2500000000000000000, 146, 80),
(162, 'Clara', 'Vishney', 'CVISHNEY', '011.44.1346.129268', TIMESTAMP '1997-11-11 00:00:00.0', 'SA_REP', 10500.00, 0.2500000000000000000, 147, 80),
(163, 'Danielle', 'Greene', 'DGREENE', '011.44.1346.229268', TIMESTAMP '1999-03-19 00:00:00.0', 'SA_REP', 9500.00, 0.1500000000000000000, 147, 80),
(164, 'Mattea', 'Marvins', 'MMARVINS', '011.44.1346.329268', TIMESTAMP '2000-01-24 00:00:00.0', 'SA_REP', 7200.00, 0.1000000000000000000, 147, 80),
(165, 'David', 'Lee', 'DLEE', '011.44.1346.529268', TIMESTAMP '2000-02-23 00:00:00.0', 'SA_REP', 6800.00, 0.1000000000000000000, 147, 80),
(166, 'Sundar', 'Ande', 'SANDE', '011.44.1346.629268', TIMESTAMP '2000-03-24 00:00:00.0', 'SA_REP', 6400.00, 0.1000000000000000000, 147, 80),
(167, 'Amit', 'Banda', 'ABANDA', '011.44.1346.729268', TIMESTAMP '2000-04-21 00:00:00.0', 'SA_REP', 6200.00, 0.1000000000000000000, 147, 80),
(168, 'Lisa', 'Ozer', 'LOZER', '011.44.1343.929268', TIMESTAMP '1997-03-11 00:00:00.0', 'SA_REP', 11500.00, 0.2500000000000000000, 148, 80),
(169, 'Harrison', 'Bloom', 'HBLOOM', '011.44.1343.829268', TIMESTAMP '1998-03-23 00:00:00.0', 'SA_REP', 10000.00, 0.2000000000000000000, 148, 80),
(170, 'Tayler', 'Fox', 'TFOX', '011.44.1343.729268', TIMESTAMP '1998-01-24 00:00:00.0', 'SA_REP', 9600.00, 0.2000000000000000000, 148, 80),
(171, 'William', 'Smith', 'WSMITH', '011.44.1343.629268', TIMESTAMP '1999-02-23 00:00:00.0', 'SA_REP', 7400.00, 0.1500000000000000000, 148, 80),
(172, 'Elizabeth', 'Bates', 'EBATES', '011.44.1343.529268', TIMESTAMP '1999-03-24 00:00:00.0', 'SA_REP', 7300.00, 0.1500000000000000000, 148, 80),
(173, 'Sundita', 'Kumar', 'SKUMAR', '011.44.1343.329268', TIMESTAMP '2000-04-21 00:00:00.0', 'SA_REP', 6100.00, 0.1000000000000000000, 148, 80),
(174, 'Ellen', 'Abel', 'EABEL', '011.44.1644.429267', TIMESTAMP '1996-05-11 00:00:00.0', 'SA_REP', 11000.00, 0.3000000000000000000, 149, 80),
(175, 'Alyssa', 'Hutton', 'AHUTTON', '011.44.1644.429266', TIMESTAMP '1997-03-19 00:00:00.0', 'SA_REP', 8800.00, 0.2500000000000000000, 149, 80),
(176, 'Jonathon', 'Taylor', 'JTAYLOR', '011.44.1644.429265', TIMESTAMP '1998-03-24 00:00:00.0', 'SA_REP', 8600.00, 0.2000000000000000000, 149, 80),
(177, 'Jack', 'Livingston', 'JLIVINGS', '011.44.1644.429264', TIMESTAMP '1998-04-23 00:00:00.0', 'SA_REP', 8400.00, 0.2000000000000000000, 149, 80),
(178, 'Kimberely', 'Grant', 'KGRANT', '011.44.1644.429263', TIMESTAMP '1999-05-24 00:00:00.0', 'SA_REP', 7000.00, 0.1500000000000000000, 149, NULL),
(179, 'Charles', 'Johnson', 'CJOHNSON', '011.44.1644.429262', TIMESTAMP '2000-01-04 00:00:00.0', 'SA_REP', 6200.00, 0.1000000000000000000, 149, 80),
(180, 'Winston', 'Taylor', 'WTAYLOR', '650.507.9876', TIMESTAMP '1998-01-24 00:00:00.0', 'SH_CLERK', 3200.00, NULL, 120, 50),
(181, 'Jean', 'Fleaur', 'JFLEAUR', '650.507.9877', TIMESTAMP '1998-02-23 00:00:00.0', 'SH_CLERK', 3100.00, NULL, 120, 50),
(182, 'Martha', 'Sullivan', 'MSULLIVA', '650.507.9878', TIMESTAMP '1999-06-21 00:00:00.0', 'SH_CLERK', 2500.00, NULL, 120, 50),
(183, 'Girard', 'Geoni', 'GGEONI', '650.507.9879', TIMESTAMP '2000-02-03 00:00:00.0', 'SH_CLERK', 2800.00, NULL, 120, 50),
(184, 'Nandita', 'Sarchand', 'NSARCHAN', '650.509.1876', TIMESTAMP '1996-01-27 00:00:00.0', 'SH_CLERK', 4200.00, NULL, 121, 50),
(185, 'Alexis', 'Bull', 'ABULL', '650.509.2876', TIMESTAMP '1997-02-20 00:00:00.0', 'SH_CLERK', 4100.00, NULL, 121, 50),
(186, 'Julia', 'Dellinger', 'JDELLING', '650.509.3876', TIMESTAMP '1998-06-24 00:00:00.0', 'SH_CLERK', 3400.00, NULL, 121, 50),
(187, 'Anthony', 'Cabrio', 'ACABRIO', '650.509.4876', TIMESTAMP '1999-02-07 00:00:00.0', 'SH_CLERK', 3000.00, NULL, 121, 50),
(188, 'Kelly', 'Chung', 'KCHUNG', '650.505.1876', TIMESTAMP '1997-06-14 00:00:00.0', 'SH_CLERK', 3800.00, NULL, 122, 50),
(189, 'Jennifer', 'Dilly', 'JDILLY', '650.505.2876', TIMESTAMP '1997-08-13 00:00:00.0', 'SH_CLERK', 3600.00, NULL, 122, 50);
INSERT INTO PUBLIC.EMPLOYEES(EMPLOYEE_ID, FIRST_NAME, LAST_NAME, EMAIL, PHONE_NUMBER, HIRE_DATE, JOB_ID, SALARY, COMMISSION_PCT, MANAGER_ID, DEPARTMENT_ID) VALUES
(190, 'Timothy', 'Gates', 'TGATES', '650.505.3876', TIMESTAMP '1998-07-11 00:00:00.0', 'SH_CLERK', 2900.00, NULL, 122, 50),
(191, 'Randall', 'Perkins', 'RPERKINS', '650.505.4876', TIMESTAMP '1999-12-19 00:00:00.0', 'SH_CLERK', 2500.00, NULL, 122, 50),
(192, 'Sarah', 'Bell', 'SBELL', '650.501.1876', TIMESTAMP '1996-02-04 00:00:00.0', 'SH_CLERK', 4000.00, NULL, 123, 50),
(193, 'Britney', 'Everett', 'BEVERETT', '650.501.2876', TIMESTAMP '1997-03-03 00:00:00.0', 'SH_CLERK', 3900.00, NULL, 123, 50),
(194, 'Samuel', 'McCain', 'SMCCAIN', '650.501.3876', TIMESTAMP '1998-07-01 00:00:00.0', 'SH_CLERK', 3200.00, NULL, 123, 50),
(195, 'Vance', 'Jones', 'VJONES', '650.501.4876', TIMESTAMP '1999-03-17 00:00:00.0', 'SH_CLERK', 2800.00, NULL, 123, 50),
(196, 'Alana', 'Walsh', 'AWALSH', '650.507.9811', TIMESTAMP '1998-04-24 00:00:00.0', 'SH_CLERK', 3100.00, NULL, 124, 50),
(197, 'Kevin', 'Feeney', 'KFEENEY', '650.507.9822', TIMESTAMP '1998-05-23 00:00:00.0', 'SH_CLERK', 3000.00, NULL, 124, 50),
(198, 'Donald', 'OConnell', 'DOCONNEL', '650.507.9833', TIMESTAMP '1999-06-21 00:00:00.0', 'SH_CLERK', 2600.00, NULL, 124, 50),
(199, 'Douglas', 'Grant', 'DGRANT', '650.507.9844', TIMESTAMP '2000-01-13 00:00:00.0', 'SH_CLERK', 2600.00, NULL, 124, 50),
(200, 'Jennifer', 'Whalen', 'JWHALEN', '515.123.4444', TIMESTAMP '1987-09-17 00:00:00.0', 'AD_ASST', 4400.00, NULL, 101, 10),
(201, 'Michael', 'Hartstein', 'MHARTSTE', '515.123.5555', TIMESTAMP '1996-02-17 00:00:00.0', 'MK_MAN', 13000.00, NULL, 100, 20),
(202, 'Pat', 'Fay', 'PFAY', '603.123.6666', TIMESTAMP '1997-08-17 00:00:00.0', 'MK_REP', 6000.00, NULL, 201, 20),
(203, 'Susan', 'Mavris', 'SMAVRIS', '515.123.7777', TIMESTAMP '1994-06-07 00:00:00.0', 'HR_REP', 6500.00, NULL, 101, 40),
(204, 'Hermann', 'Baer', 'HBAER', '515.123.8888', TIMESTAMP '1994-06-07 00:00:00.0', 'PR_REP', 10000.00, NULL, 101, 70),
(205, 'Shelley', 'Higgins', 'SHIGGINS', '515.123.8080', TIMESTAMP '1994-06-07 00:00:00.0', 'AC_MGR', 12000.00, NULL, 101, 110),
(206, 'William', 'Gietz', 'WGIETZ', '515.123.8181', TIMESTAMP '1994-06-07 00:00:00.0', 'AC_ACCOUNT', 8300.00, NULL, 205, 110);
CREATE INDEX PUBLIC.EMP_DEPARTMENT_IX ON PUBLIC.EMPLOYEES(DEPARTMENT_ID);
CREATE UNIQUE INDEX PUBLIC.EMP_EMAIL_UK ON PUBLIC.EMPLOYEES(EMAIL);
CREATE INDEX PUBLIC.EMP_JOB_IX ON PUBLIC.EMPLOYEES(JOB_ID);
CREATE INDEX PUBLIC.EMP_MANAGER_IX ON PUBLIC.EMPLOYEES(MANAGER_ID);
CREATE INDEX PUBLIC.EMP_NAME_IX ON PUBLIC.EMPLOYEES(LAST_NAME, FIRST_NAME);
CREATE CACHED TABLE PUBLIC.HR_NEWTABLE(
    ID DECIMAL(38, 19)
);
-- 0 +/- SELECT COUNT(*) FROM PUBLIC.HR_NEWTABLE;
CREATE CACHED TABLE PUBLIC.JOBS COMMENT STRINGDECODE('jobs table with job titles and salary ranges. Contains 19 rows.\nReferences with employees and job_history table.')(
    JOB_ID VARCHAR(10) NOT NULL COMMENT 'Primary key of jobs table.',
    JOB_TITLE VARCHAR(35) NOT NULL COMMENT 'A not null column that shows job title, e.g. AD_VP, FI_ACCOUNTANT',
    MIN_SALARY DECIMAL(6, 0) COMMENT 'Minimum salary for a job title.',
    MAX_SALARY DECIMAL(6, 0) COMMENT 'Maximum salary for a job title',
    TTT VARCHAR(20)
);
ALTER TABLE PUBLIC.JOBS ADD CONSTRAINT PUBLIC.JOBS_PK PRIMARY KEY(JOB_ID);
-- 19 +/- SELECT COUNT(*) FROM PUBLIC.JOBS;
INSERT INTO PUBLIC.JOBS(JOB_ID, JOB_TITLE, MIN_SALARY, MAX_SALARY, TTT) VALUES
('AC_ACCOUNT', 'Public Accountant', 4200, 9000, NULL),
('AC_MGR', 'Accounting Manager', 8200, 16000, NULL),
('AD_ASST', 'Administration Assistant', 3000, 6000, NULL),
('AD_PRES', 'President', 20000, 40000, NULL),
('AD_VP', 'Administration Vice President', 15000, 30000, NULL),
('FI_ACCOUNT', 'Accountant', 4200, 9000, NULL),
('FI_MGR', 'Finance Manager', 8200, 16000, NULL),
('HR_REP', 'Human Resources Representative', 4000, 9000, NULL),
('IT_PROG', 'Programmer', 4000, 10000, NULL),
('MK_MAN', 'Marketing Manager', 9000, 15000, NULL),
('MK_REP', 'Marketing Representative', 4000, 9000, NULL),
('PR_REP', 'Public Relations Representative', 4500, 10500, NULL),
('PU_CLERK', 'Purchasing Clerk', 2500, 5500, NULL),
('PU_MAN', 'Purchasing Manager', 8000, 15000, NULL),
('SA_MAN', 'Sales Manager', 10000, 20000, NULL),
('SA_REP', 'Sales Representative', 6000, 12000, NULL),
('SH_CLERK', 'Shipping Clerk', 2500, 5500, NULL),
('ST_CLERK', 'Stock Clerk', 2000, 5000, NULL),
('ST_MAN', 'Stock Manager', 5500, 8500, NULL);
CREATE CACHED TABLE PUBLIC.JOB_HISTORY COMMENT STRINGDECODE('Table that stores job history of the employees. If an employee\nchanges departments within the job or changes jobs within the department,\nnew rows get inserted into this table with old job information of the\nemployee. Contains a complex primary key: employee_id+start_date.\nContains 25 rows. References with jobs, employees, and departments tables.')(
    EMPLOYEE_ID DECIMAL(6, 0) NOT NULL COMMENT STRINGDECODE('A not null column in the complex primary key employee_id+start_date.\nForeign key to employee_id column of the employee table'),
    START_DATE TIMESTAMP NOT NULL COMMENT STRINGDECODE('A not null column in the complex primary key employee_id+start_date.\nMust be less than the end_date of the job_history table. (enforced by\nconstraint jhist_date_interval)'),
    END_DATE TIMESTAMP NOT NULL COMMENT STRINGDECODE('Last day of the employee in this job role. A not null column. Must be\ngreater than the start_date of the job_history table.\n(enforced by constraint jhist_date_interval)'),
    JOB_ID VARCHAR(10) NOT NULL COMMENT STRINGDECODE('Job role in which the employee worked in the past; foreign key to\njob_id column in the jobs table. A not null column.'),
    DEPARTMENT_ID DECIMAL(4, 0) COMMENT 'Department id in which the employee worked in the past; foreign key to deparment_id column in the departments table'
);
ALTER TABLE PUBLIC.JOB_HISTORY ADD CONSTRAINT PUBLIC.JOB_HISTORY_PK PRIMARY KEY(EMPLOYEE_ID, START_DATE);
-- 10 +/- SELECT COUNT(*) FROM PUBLIC.JOB_HISTORY;
INSERT INTO PUBLIC.JOB_HISTORY(EMPLOYEE_ID, START_DATE, END_DATE, JOB_ID, DEPARTMENT_ID) VALUES
(101, TIMESTAMP '1989-09-21 00:00:00.0', TIMESTAMP '1993-10-27 00:00:00.0', 'AC_ACCOUNT', 110),
(101, TIMESTAMP '1993-10-28 00:00:00.0', TIMESTAMP '1997-03-15 00:00:00.0', 'AC_MGR', 110),
(102, TIMESTAMP '1993-01-13 00:00:00.0', TIMESTAMP '1998-07-24 00:00:00.0', 'IT_PROG', 60),
(114, TIMESTAMP '1998-03-24 00:00:00.0', TIMESTAMP '1999-12-31 00:00:00.0', 'ST_CLERK', 50),
(122, TIMESTAMP '1999-01-01 00:00:00.0', TIMESTAMP '1999-12-31 00:00:00.0', 'ST_CLERK', 50),
(176, TIMESTAMP '1998-03-24 00:00:00.0', TIMESTAMP '1998-12-31 00:00:00.0', 'SA_REP', 80),
(176, TIMESTAMP '1999-01-01 00:00:00.0', TIMESTAMP '1999-12-31 00:00:00.0', 'SA_MAN', 80),
(200, TIMESTAMP '1987-09-17 00:00:00.0', TIMESTAMP '1993-06-17 00:00:00.0', 'AD_ASST', 90),
(200, TIMESTAMP '1994-07-01 00:00:00.0', TIMESTAMP '1998-12-31 00:00:00.0', 'AC_ACCOUNT', 90),
(201, TIMESTAMP '1996-02-17 00:00:00.0', TIMESTAMP '1999-12-19 00:00:00.0', 'MK_REP', 20);
CREATE INDEX PUBLIC.JHIST_DEPARTMENT_IX ON PUBLIC.JOB_HISTORY(DEPARTMENT_ID);
CREATE INDEX PUBLIC.JHIST_EMPLOYEE_IX ON PUBLIC.JOB_HISTORY(EMPLOYEE_ID);
CREATE INDEX PUBLIC.JHIST_JOB_IX ON PUBLIC.JOB_HISTORY(JOB_ID);
CREATE CACHED TABLE PUBLIC.LOCATIONS COMMENT STRINGDECODE('Locations table that contains specific address of a specific office,\nwarehouse, and/or production site of a company. Does not store addresses /\nlocations of customers. Contains 23 rows; references with the\ndepartments and countries tables. ')(
    LOCATION_ID DECIMAL(4, 0) NOT NULL COMMENT 'Primary key of locations table',
    STREET_ADDRESS VARCHAR(40) COMMENT STRINGDECODE('Street address of an office, warehouse, or production site of a company.\nContains building number and street name'),
    POSTAL_CODE VARCHAR(12) COMMENT STRINGDECODE('Postal code of the location of an office, warehouse, or production site\nof a company. '),
    CITY VARCHAR(30) NOT NULL COMMENT STRINGDECODE('A not null column that shows city where an office, warehouse, or\nproduction site of a company is located. '),
    STATE_PROVINCE VARCHAR(25) COMMENT STRINGDECODE('State or Province where an office, warehouse, or production site of a\ncompany is located.'),
    COUNTRY_ID CHAR(2) COMMENT STRINGDECODE('Country where an office, warehouse, or production site of a company is\nlocated. Foreign key to country_id column of the countries table.')
);
ALTER TABLE PUBLIC.LOCATIONS ADD CONSTRAINT PUBLIC.LOCATIONS_PK PRIMARY KEY(LOCATION_ID);
-- 23 +/- SELECT COUNT(*) FROM PUBLIC.LOCATIONS;
INSERT INTO PUBLIC.LOCATIONS(LOCATION_ID, STREET_ADDRESS, POSTAL_CODE, CITY, STATE_PROVINCE, COUNTRY_ID) VALUES
(1000, '1297 Via Cola di Rie', '00989', 'Roma', NULL, 'IT'),
(1100, '93091 Calle della Testa', '10934', 'Venice', NULL, 'IT'),
(1200, '2017 Shinjuku-ku', '1689', 'Tokyo', 'Tokyo Prefecture', 'JP'),
(1300, '9450 Kamiya-cho', '6823', 'Hiroshima', NULL, 'JP'),
(1400, '2014 Jabberwocky Rd', '26192', 'Southlake', 'Texas', 'US'),
(1500, '2011 Interiors Blvd', '99236', 'South San Francisco', 'California', 'US'),
(1600, '2007 Zagora St', '50090', 'South Brunswick', 'New Jersey', 'US'),
(1700, '2004 Charade Rd', '98199', 'Seattle', 'Washington', 'US'),
(1800, '147 Spadina Ave', 'M5V 2L7', 'Toronto', 'Ontario', 'CA'),
(1900, '6092 Boxwood St', 'YSW 9T2', 'Whitehorse', 'Yukon', 'CA'),
(2000, '40-5-12 Laogianggen', '190518', 'Beijing', NULL, 'CN'),
(2100, '1298 Vileparle (E)', '490231', 'Bombay', 'Maharashtra', 'IN'),
(2200, '12-98 Victoria Street', '2901', 'Sydney', 'New South Wales', 'AU'),
(2300, '198 Clementi North', '540198', 'Singapore', NULL, 'SG'),
(2400, '8204 Arthur St', NULL, 'London', NULL, 'UK'),
(2500, 'Magdalen Centre, The Oxford Science Park', 'OX9 9ZB', 'Oxford', 'Oxford', 'UK'),
(2600, '9702 Chester Road', '09629850293', 'Stretford', 'Manchester', 'UK'),
(2700, 'Schwanthalerstr. 7031', '80925', 'Munich', 'Bavaria', 'DE'),
(2800, 'Rua Frei Caneca 1360 ', '01307-002', 'Sao Paulo', 'Sao Paulo', 'BR'),
(2900, '20 Rue des Corps-Saints', '1730', 'Geneva', 'Geneve', 'CH'),
(3000, 'Murtenstrasse 921', '3095', 'Bern', 'BE', 'CH'),
(3100, 'Pieter Breughelstraat 837', '3029SK', 'Utrecht', 'Utrecht', 'NL'),
(3200, 'Mariano Escobedo 9991', '11932', 'Mexico City', 'Distrito Federal,', 'MX');
CREATE INDEX PUBLIC.LOC_CITY_IX ON PUBLIC.LOCATIONS(CITY);
CREATE INDEX PUBLIC.LOC_COUNTRY_IX ON PUBLIC.LOCATIONS(COUNTRY_ID);
CREATE INDEX PUBLIC.LOC_STATE_PROVINCE_IX ON PUBLIC.LOCATIONS(STATE_PROVINCE);
CREATE CACHED TABLE PUBLIC.REGIONS(
    REGION_ID DECIMAL(38, 19) NOT NULL,
    REGION_NAME VARCHAR(25)
);
ALTER TABLE PUBLIC.REGIONS ADD CONSTRAINT PUBLIC.REGIONS_PK PRIMARY KEY(REGION_ID);
-- 4 +/- SELECT COUNT(*) FROM PUBLIC.REGIONS;
INSERT INTO PUBLIC.REGIONS(REGION_ID, REGION_NAME) VALUES
(1.0000000000000000000, 'Europe'),
(2.0000000000000000000, 'Americas'),
(3.0000000000000000000, 'Asia'),
(4.0000000000000000000, 'Middle East and Africa');
CREATE CACHED TABLE PUBLIC.TEST_MULTISOURCE(
    TEST_MULTISOURCE_ID DECIMAL(38, 19) NOT NULL,
    ADDR VARCHAR(100),
    ENTRIES DECIMAL(38, 0) NOT NULL,
    MODIFIED TIMESTAMP
);
ALTER TABLE PUBLIC.TEST_MULTISOURCE ADD CONSTRAINT PUBLIC.TEST_MULTISOURCE_PK PRIMARY KEY(TEST_MULTISOURCE_ID);
-- 0 +/- SELECT COUNT(*) FROM PUBLIC.TEST_MULTISOURCE;
ALTER TABLE PUBLIC.COUNTRIES ADD CONSTRAINT PUBLIC.COUNTR_REG_FK FOREIGN KEY(REGION_ID) REFERENCES PUBLIC.REGIONS(REGION_ID) NOCHECK;
ALTER TABLE PUBLIC.LOCATIONS ADD CONSTRAINT PUBLIC.LOC_C_ID_FK FOREIGN KEY(COUNTRY_ID) REFERENCES PUBLIC.COUNTRIES(COUNTRY_ID) NOCHECK;
ALTER TABLE PUBLIC.JOB_HISTORY ADD CONSTRAINT PUBLIC.JHIST_JOB_FK FOREIGN KEY(JOB_ID) REFERENCES PUBLIC.JOBS(JOB_ID) NOCHECK;
ALTER TABLE PUBLIC.EMPLOYEES ADD CONSTRAINT PUBLIC.EMP_DEPT_FK FOREIGN KEY(DEPARTMENT_ID) REFERENCES PUBLIC.DEPARTMENTS(DEPARTMENT_ID) NOCHECK;
ALTER TABLE PUBLIC.JOB_HISTORY ADD CONSTRAINT PUBLIC.JHIST_EMP_FK FOREIGN KEY(EMPLOYEE_ID) REFERENCES PUBLIC.EMPLOYEES(EMPLOYEE_ID) NOCHECK;
ALTER TABLE PUBLIC.EMPLOYEES ADD CONSTRAINT PUBLIC.EMP_JOB_FK FOREIGN KEY(JOB_ID) REFERENCES PUBLIC.JOBS(JOB_ID) NOCHECK;
ALTER TABLE PUBLIC.DEPARTMENTS ADD CONSTRAINT PUBLIC.DEPT_MGR_FK FOREIGN KEY(MANAGER_ID) REFERENCES PUBLIC.EMPLOYEES(EMPLOYEE_ID) NOCHECK;
ALTER TABLE PUBLIC.DEPARTMENTS ADD CONSTRAINT PUBLIC.DEPT_LOC_FK FOREIGN KEY(LOCATION_ID) REFERENCES PUBLIC.LOCATIONS(LOCATION_ID) NOCHECK;
ALTER TABLE PUBLIC.JOB_HISTORY ADD CONSTRAINT PUBLIC.JHIST_DEPT_FK FOREIGN KEY(DEPARTMENT_ID) REFERENCES PUBLIC.DEPARTMENTS(DEPARTMENT_ID) NOCHECK;
ALTER TABLE PUBLIC.EMPLOYEES ADD CONSTRAINT PUBLIC.EMP_MANAGER_FK FOREIGN KEY(MANAGER_ID) REFERENCES PUBLIC.EMPLOYEES(EMPLOYEE_ID) NOCHECK;
